# ZILLOW FOR COFFEE - Dynamic Location Pages (MUST BE FIRST)
/test-shop/ /.netlify/functions/location-page?state=wa&city=seattle&slug=dubsea-coffee 200!
/locations/wa/seattle/dubsea-coffee/ /.netlify/functions/location-page?state=wa&city=seattle&slug=dubsea-coffee 200!
/locations/:state/:city/:slug/ /.netlify/functions/location-page?state=:state&city=:city&slug=:slug 200!
/locations/:state/:city/:slug /.netlify/functions/location-page?state=:state&city=:city&slug=:slug 200!
/locations/:state/:city/ /.netlify/functions/city-page?state=:state&city=:city 200!
/locations/:state/:city /.netlify/functions/city-page?state=:state&city=:city 200!
/api/claim /.netlify/functions/claim-listing 200
/api/track /.netlify/functions/track-activity 200

# ZILLOW FOR COFFEE - Dynamic Location Pages (MUST BE FIRST)
/api/claim /.netlify/functions/claim-listing 200
/api/track /.netlify/functions/track-activity 200

# Testimonials Redirects
/testimonials/how-joe-os-drives-growth-and-convenience-for-tropical-express-drive-thru-coffee-shop /testimonials/tropical-express-growth/ 301
/testimonials/paradox-coffee-embracing-community-loyalty-and-growth-with-joe-point-of-sale /testimonials/paradox-coffee-community/ 301
/testimonials/caffe-ladro-upgrades-all-18-locations-in-greater-seattle-to-the-joe-point-of-sale-platform-for-coffee-shops /testimonials/caffe-ladro-18-locations/ 301
/testimonials/the-wandering-bean-and-joe-point-of-sale /testimonials/wandering-bean-growth/ 301
/testimonials/reducing-costs-and-building-brand-with-joe-point-of-sale /testimonials/zero-tolerance-costs-brand/ 301
/testimonials/the-coffeehouse-brookside /testimonials/coffeehouse-brookside-square/ 301
/testimonials/soul-good-coffee /testimonials/soul-good-mobile-loyalty/ 301
/testimonials/surfers-coffee-streamlines-workflow /testimonials/surfers-coffee-workflow/ 301
/testimonials/how-joe-point-of-sale-loyalty-helps-maple-moose-differentiate /testimonials/maple-moose-differentiate/ 301
/testimonials/latina-owned-catalinas-coffee-grows-with-joe-point-of-sale /testimonials/catalinas-coffee-growth/ 301
/testimonials/buffalo-grove-grows-with-joe-point-of-sale /testimonials/buffalo-grove-growth/ 301
/testimonials/sips-coffee /testimonials/sips-coffee-revenue/ 301
/testimonials/kalona-coffee-house /testimonials/kalona-coffee-workflow/ 301
/testimonials/farmhouse-coffee /testimonials/farmhouse-coffee-doubles/ 301
/testimonials/issaquah-coffee-company /testimonials/issaquah-coffee-mobile/ 301
/testimonials/coffee-shop-pos-vail-coffee-testimonial /testimonials/vail-coffee-stop/ 301
/testimonials/asensio-coffee-owner /testimonials/asensio-coffee-simplified/ 301
/testimonials/barista /testimonials/asensio-coffee-simplified/ 301
/testimonials/leveraging-loyalty-marketing /blog/posts/loyalty-marketing-smarter-growth/ 301
/testimonials/celebrating-1-year-with-momentum-coffee /testimonials/momentum-coffee/ 301
/testimonials/urban-coffee-lounge /testimonials/urban-coffee-lounge/ 301
/testimonials/acquiring-new-users-with-honu-coffee /testimonials/honu-coffee-acquisition/ 301
/testimonials/maximizing-average-ticket-with-momentum-coffee /testimonials/momentum-coffee-ticket/ 301
/testimonials/partner-journey-indaba-coffee-roasters /testimonials/indaba-coffee-journey/ 301
/testimonials/partner-journey-willamette-coffee-house /testimonials/willamette-coffee-house/ 301
/testimonials/partner-journey-left-hand-coffee /testimonials/left-hand-coffee/ 301
/testimonials/rising-star-hot-shot-sisters-maximizes-revenue-with-joe /testimonials/hot-shot-sisters/ 301
/testimonials/partner-spotlight-cafe-red-brings-a-commitment-to-community-in-south-seattle /testimonials/cafe-red-community/ 301
/testimonials/mentorship-in-mobile-ordering /testimonials/thomas-hammer-mentorship/ 301
/testimonials/switching-from-square-coffee-cabana /testimonials/coffee-cabana-square/ 301

# Blog Post Redirects
/stripe-holiday-payment-guide /blog/posts/stripe-holiday-payment-guide/ 301
/understanding-todays-outage /blog/posts/understanding-todays-outage/ 301
/behind-the-scenes-employee-brown-bag /blog/posts/behind-the-scenes-employee-brown-bag/ 301
/joe-coffee-podcast-highlights /blog/posts/joe-coffee-podcast-highlights/ 301
/joe-kiosk-experience-anthem-coffee /blog/posts/joe-kiosk-experience-anthem-coffee/ 301
/reimagining-coffee-regenerative-systems /blog/posts/reimagining-coffee-regenerative-systems/ 301
/reaction-video-what-its-like-for-baristas-to-make-the-switch-to-joe /blog/posts/barista-reaction-switch-to-joe/ 301
/loyalty-marketing-with-joe-smarter-growth-not-just-redemptions /blog/posts/loyalty-marketing-smarter-growth/ 301
/coffee-shop-profit-killers /blog/posts/coffee-shop-profit-killers/ 301
/collaboration-over-competition /blog/posts/collaboration-over-competition/ 301
/maxwell_mooney_square_price_increase_coffee-shops /blog/posts/maxwell-mooney-coffee-shop-blueprint/ 301
/making-owners-and-baristas-a-more-integrated-part-of-product-planning /blog/posts/owners-baristas-product-planning/ 301
/square_price_increase_coffee_shop_pos /blog/posts/coffee-shop-os-demo/ 301
/the-3-biggest-challenges-holding-independent-coffee-shops-back /blog/posts/3-biggest-challenges-coffee-shops/ 301
/strategy-session-a-big-leap-forward-on-positioning /blog/posts/building-in-public-positioning/ 301
/changing_paradigms_for_coffee_shops /blog/posts/shifting-paradigms-coffee-shops/ 301
/conscious-entrepreneurship-venture-capital-and-building-a-business-with-purpose /blog/posts/conscious-entrepreneurship/ 301
/campfire_coffee_fundraiser /blog/posts/campfire-coffee-community/ 301
/building-in-public-podcast-new-hardware-and-data /blog/posts/building-in-public-podcast-hardware/ 301
/coffee-community-pod-series /blog/posts/coffee-community-interview-series/ 301
/lookout-starbucks-joes-the-most-rewarding-experience-in-coffee /blog/posts/joe-rewards-most-rewarding/ 301
/joe-coffee-shop-gift-cards /blog/posts/joe-gift-cards-personal-experience/ 301
/joe-partners-with-verizon-to-offer-exclusive-benefits-for-coffee-shops /blog/posts/joe-verizon-partnership/ 301
/level-up-your-coffee-shop-loyalty-why-joe-is-the-key-to-success /blog/posts/level-up-coffee-shop-loyalty/ 301
/unlocking-coffee-shop-loyalty /blog/posts/unlocking-loyalty-industry-leaders/ 301
/4-reasons-why-your-coffee-shop-needs-a-kitchen-display-system-kds /blog/posts/coffee-shop-kds-system/ 301
/the-ultimate-guide-to-choosing-a-point-of-sale-for-your-coffee-shop /blog/posts/ultimate-guide-choosing-pos/ 301
/coffee-shop-marketing-why-promo-codes-are-a-better-option-than-gift-cards-for-user-acquisition /blog/posts/promo-codes-vs-gift-cards/ 301
/barista-moments /blog/posts/barista-moments-shift/ 301
/tips-to-boost-seasonal-sales-with-joes-menu-features /blog/posts/seasonal-sales-menu-features/ 301
/how-the-right-chai-can-lead-to-coffee-shop-growth /blog/posts/chai-coffee-shop-growth/ 301
/coffee_shop_recession_tips /blog/posts/economic-realities-infographic/ 301
/survey-how-rising-costs-impact-indie-coffee /blog/posts/survey-rising-costs-indie-coffee/ 301
/when-coffee-shops-should-promote-seasonal-drinks-based-on-the-data /blog/posts/when-promote-seasonal-drinks/ 301
/keep-coffee-local-week-1 /blog/posts/keep-coffee-local-week-1/ 301
/keep-coffee-local-week-2 /blog/posts/keep-coffee-local-week-2/ 301

# Tag Redirects
/tag/loyalty-marketing /blog/ 301
/tag/coffee-shop-owner /blog/ 301
/tag/industry-trends /blog/ 301
/tag/mobile-ordering /blog/ 301
/tag/joe-pos /blog/ 301
/tag/barista /blog/ 301
/tag/barista-workflow /blog/ 301
/tag/build-in-public /blog/ 301
/testimonials/tag/joe-pos /testimonials/ 301
/testimonials/tag/mobile-ordering /testimonials/ 301
/testimonials/tag/loyalty-marketing /testimonials/ 301
/testimonials/tag/square /testimonials/ 301
/testimonials/tag/coffee-shop-owner /testimonials/ 301
/testimonials/tag/barista-workflow /testimonials/ 301
/testimonials/tag/coffee-shop-launch /testimonials/ 301

# General Redirects
/testimonials/all /testimonials/ 301
/author/* /blog/ 301
/testimonials/author/* /testimonials/ 301

# =============================================================================
# Location Redirects - Old /cities/ and /shops/ to new /locations/ structure
# =============================================================================

/cities/homewood/ /locations/al/homewood/ 301
/shops/baba-java-coffee-homewood/ /locations/al/homewood/baba-java-coffee-homewood/ 301
/cities/hoover/ /locations/al/hoover/ 301
/shops/baba-java-coffee-hoover/ /locations/al/hoover/baba-java-coffee-hoover/ 301
/shops/baba-java-coffee-meadowbrook-village/ /locations/al/hoover/baba-java-coffee-meadowbrook-village/ 301
/cities/irvington/ /locations/al/irvington/ 301
/shops/somo-water-ice/ /locations/al/irvington/somo-water-ice/ 301
/cities/rogers/ /locations/ar/rogers/ 301
/shops/java-dudes-coffee-company-rogers/ /locations/ar/rogers/java-dudes-coffee-company-rogers/ 301
/cities/russellville/ /locations/ar/russellville/ 301
/shops/retro-roasts-downtown/ /locations/ar/russellville/retro-roasts-downtown/ 301
/cities/calico-rock/ /locations/ar/calico-rock/ 301
/shops/kinship-coffee/ /locations/ar/calico-rock/kinship-coffee/ 301
/cities/melbourne/ /locations/ar/melbourne/ 301
/shops/kinship-coffee-melbourne/ /locations/ar/melbourne/kinship-coffee-melbourne/ 301
/cities/buckeye/ /locations/az/buckeye/ 301
/shops/anthem-coffee-tea-verrado/ /locations/az/buckeye/anthem-coffee-tea-verrado/ 301
/cities/litchfield-park/ /locations/az/litchfield-park/ 301
/shops/anthem-coffee-tea-litchfield/ /locations/az/litchfield-park/anthem-coffee-tea-litchfield/ 301
/cities/mesa/ /locations/az/mesa/ 301
/shops/hava-java-mesa-new-joe-storefront/ /locations/az/mesa/hava-java-mesa-new-joe-storefront/ 301
/cities/coolidge/ /locations/az/coolidge/ 301
/shops/nanas-coffee-shoppe/ /locations/az/coolidge/nanas-coffee-shoppe/ 301
/cities/tucson/ /locations/az/tucson/ 301
/shops/roadrunner-coffee-thornydale/ /locations/az/tucson/roadrunner-coffee-thornydale/ 301
/shops/roadrunner-coffee-wetmore/ /locations/az/tucson/roadrunner-coffee-wetmore/ 301
/shops/red-captain-coffee-company/ /locations/az/tucson/red-captain-coffee-company/ 301
/shops/roadrunner-congress/ /locations/az/tucson/roadrunner-congress/ 301
/cities/vail/ /locations/az/vail/ 301
/shops/vail-coffee-stop/ /locations/az/vail/vail-coffee-stop/ 301
/cities/yreka/ /locations/ca/yreka/ 301
/shops/zephyr-books-coffee/ /locations/ca/yreka/zephyr-books-coffee/ 301
/cities/redway/ /locations/ca/redway/ 301
/shops/signature-organic-coffee/ /locations/ca/redway/signature-organic-coffee/ 301
/cities/kings-beach/ /locations/ca/kings-beach/ 301
/shops/tree-house-cafe/ /locations/ca/kings-beach/tree-house-cafe/ 301
/cities/dixon/ /locations/ca/dixon/ 301
/shops/the-pony-express-o-mobile-cafe-by-unleashed-coffee/ /locations/ca/dixon/the-pony-express-o-mobile-cafe-by-unleashed-coffee/ 301
/cities/murphys/ /locations/ca/murphys/ 301
/shops/gold-country-roasters/ /locations/ca/murphys/gold-country-roasters/ 301
/cities/newhall/ /locations/ca/newhall/ 301
/shops/honu-coffee-newhall/ /locations/ca/newhall/honu-coffee-newhall/ 301
/shops/necesito-más-café/ /locations/ca/newhall/necesito-más-café/ 301
/cities/oxnard/ /locations/ca/oxnard/ 301
/shops/heritage-coffee/ /locations/ca/oxnard/heritage-coffee/ 301
/cities/northridge/ /locations/ca/northridge/ 301
/shops/barclays-coffee-tea/ /locations/ca/northridge/barclays-coffee-tea/ 301
/cities/apple-valley/ /locations/ca/apple-valley/ 301
/shops/the-grind-coffee-house/ /locations/ca/apple-valley/the-grind-coffee-house/ 301
/cities/los-angeles/ /locations/ca/los-angeles/ 301
/shops/muddy-paw-coffee-eagle-rock/ /locations/ca/los-angeles/muddy-paw-coffee-eagle-rock/ 301
/shops/muddy-paw-coffee-silverlake/ /locations/ca/los-angeles/muddy-paw-coffee-silverlake/ 301
/shops/south-la-cafe-jefferson/ /locations/ca/los-angeles/south-la-cafe-jefferson/ 301
/shops/coffee-connection/ /locations/ca/los-angeles/coffee-connection/ 301
/shops/south-la-cafe-kaiser-location/ /locations/ca/los-angeles/south-la-cafe-kaiser-location/ 301
/shops/south-la-cafe-western-location/ /locations/ca/los-angeles/south-la-cafe-western-location/ 301
/shops/boketto-cold-brew/ /locations/ca/los-angeles/boketto-cold-brew/ 301
/shops/aquarela-by-spla-coffee/ /locations/ca/los-angeles/aquarela-by-spla-coffee/ 301
/cities/inglewood/ /locations/ca/inglewood/ 301
/shops/sip-sonder-inglewood/ /locations/ca/inglewood/sip-sonder-inglewood/ 301
/cities/bellflower/ /locations/ca/bellflower/ 301
/shops/solid-coffee-roasters-bellflower-closed/ /locations/ca/bellflower/solid-coffee-roasters-bellflower-closed/ 301
/cities/artesia/ /locations/ca/artesia/ 301
/shops/solid-coffee-roasters-artesia-flagship-coffee-bar-cafe/ /locations/ca/artesia/solid-coffee-roasters-artesia-flagship-coffee-bar-cafe/ 301
/cities/long-beach/ /locations/ca/long-beach/ 301
/shops/bixby-joe/ /locations/ca/long-beach/bixby-joe/ 301
/cities/anaheim/ /locations/ca/anaheim/ 301
/shops/okayama-kobo-bakery-cafe/ /locations/ca/anaheim/okayama-kobo-bakery-cafe/ 301
/cities/tustin/ /locations/ca/tustin/ 301
/shops/bardot-coffee-roasters/ /locations/ca/tustin/bardot-coffee-roasters/ 301
/cities/santa-ana/ /locations/ca/santa-ana/ 301
/shops/the-lost-bean-santa-ana/ /locations/ca/santa-ana/the-lost-bean-santa-ana/ 301
/cities/costa-mesa/ /locations/ca/costa-mesa/ 301
/shops/the-lost-bean-the-hive/ /locations/ca/costa-mesa/the-lost-bean-the-hive/ 301
/cities/huntington-beach/ /locations/ca/huntington-beach/ 301
/shops/milk-honey/ /locations/ca/huntington-beach/milk-honey/ 301
/cities/sun-city/ /locations/ca/sun-city/ 301
/shops/joyful-noise-coffee/ /locations/ca/sun-city/joyful-noise-coffee/ 301
/cities/oceanside/ /locations/ca/oceanside/ 301
/shops/coddiwomple-coffee/ /locations/ca/oceanside/coddiwomple-coffee/ 301
/cities/poway/ /locations/ca/poway/ 301
/shops/the-kings-craft-coffee-co/ /locations/ca/poway/the-kings-craft-coffee-co/ 301
/cities/san-diego/ /locations/ca/san-diego/ 301
/shops/the-kings-craft-coffee-co-mission-valley/ /locations/ca/san-diego/the-kings-craft-coffee-co-mission-valley/ 301
/shops/amicibar/ /locations/ca/san-diego/amicibar/ 301
/cities/el-centro/ /locations/ca/el-centro/ 301
/shops/connection-café/ /locations/ca/el-centro/connection-café/ 301
/cities/fort-collins/ /locations/co/fort-collins/ 301
/shops/hals-coffee-cafe/ /locations/co/fort-collins/hals-coffee-cafe/ 301
/shops/hals-coffee-trailer/ /locations/co/fort-collins/hals-coffee-trailer/ 301
/cities/lafayette/ /locations/co/lafayette/ 301
/shops/brew-tea-coffee-bar/ /locations/co/lafayette/brew-tea-coffee-bar/ 301
/cities/erie/ /locations/co/erie/ 301
/shops/java-island/ /locations/co/erie/java-island/ 301
/cities/brighton/ /locations/co/brighton/ 301
/shops/7am-somewhere/ /locations/co/brighton/7am-somewhere/ 301
/cities/colorado-springs/ /locations/co/colorado-springs/ 301
/shops/dlish-sips-n-sweets/ /locations/co/colorado-springs/dlish-sips-n-sweets/ 301
/cities/fountain/ /locations/co/fountain/ 301
/shops/olde-town-coffee-shop/ /locations/co/fountain/olde-town-coffee-shop/ 301
/cities/bristol/ /locations/ct/bristol/ 301
/shops/bristol-health-medical-care-center-cafe/ /locations/ct/bristol/bristol-health-medical-care-center-cafe/ 301
/shops/ivys-brewed-awakenings-inside-bristol-hospital/ /locations/ct/bristol/ivys-brewed-awakenings-inside-bristol-hospital/ 301
/cities/west-hartford/ /locations/ct/west-hartford/ 301
/shops/jrené-coffee-roasters-park-rd/ /locations/ct/west-hartford/jrené-coffee-roasters-park-rd/ 301
/cities/hartford/ /locations/ct/hartford/ 301
/shops/victus-coffee/ /locations/ct/hartford/victus-coffee/ 301
/cities/danielson/ /locations/ct/danielson/ 301
/shops/the-rose-room-at-logees/ /locations/ct/danielson/the-rose-room-at-logees/ 301
/cities/washington/ /locations/dc/washington/ 301
/shops/creative-grounds-dc/ /locations/dc/washington/creative-grounds-dc/ 301
/shops/peregrine-espresso-union-market/ /locations/dc/washington/peregrine-espresso-union-market/ 301
/shops/somewhere-cafe/ /locations/dc/washington/somewhere-cafe/ 301
/shops/peregrine-espresso-eastern-market/ /locations/dc/washington/peregrine-espresso-eastern-market/ 301
/cities/ocean-view/ /locations/de/ocean-view/ 301
/shops/drifting-grounds-coffee-house/ /locations/de/ocean-view/drifting-grounds-coffee-house/ 301
/cities/st-augustine/ /locations/fl/st-augustine/ 301
/shops/myth-legend-st-augustine/ /locations/fl/st-augustine/myth-legend-st-augustine/ 301
/cities/wesley-chapel/ /locations/fl/wesley-chapel/ 301
/shops/sorbo/ /locations/fl/wesley-chapel/sorbo/ 301
/cities/brandon/ /locations/fl/brandon/ 301
/shops/quail-run-coffee/ /locations/fl/brandon/quail-run-coffee/ 301
/cities/sanford/ /locations/fl/sanford/ 301
/shops/palate-coffee-roasters/ /locations/fl/sanford/palate-coffee-roasters/ 301
/shops/hao-bao-bao-coffee/ /locations/fl/sanford/hao-bao-bao-coffee/ 301
/shops/hao-bao-bao-cafe/ /locations/fl/sanford/hao-bao-bao-cafe/ 301
/cities/winter-haven/ /locations/fl/winter-haven/ 301
/shops/richards-fine-coffees/ /locations/fl/winter-haven/richards-fine-coffees/ 301
/cities/port-st-john/ /locations/fl/port-st-john/ 301
/shops/port-java/ /locations/fl/port-st-john/port-java/ 301
/cities/port-st-john/ /locations/fl/port-st-john/ 301
/shops/mobile-trailer/ /locations/fl/port-st-john/mobile-trailer/ 301
/cities/chickamauga/ /locations/ga/chickamauga/ 301
/shops/kingdom-coffee/ /locations/ga/chickamauga/kingdom-coffee/ 301
/cities/canton/ /locations/ga/canton/ 301
/shops/cafe-floralia/ /locations/ga/canton/cafe-floralia/ 301
/cities/woodstock/ /locations/ga/woodstock/ 301
/shops/cafe-floralia-x-the-circuit/ /locations/ga/woodstock/cafe-floralia-x-the-circuit/ 301
/cities/dawsonville/ /locations/ga/dawsonville/ 301
/shops/igy6-coffee-company/ /locations/ga/dawsonville/igy6-coffee-company/ 301
/shops/because-coffee-dawsonville/ /locations/ga/dawsonville/because-coffee-dawsonville/ 301
/cities/dahlonega/ /locations/ga/dahlonega/ 301
/shops/jethros-coffee-public-house/ /locations/ga/dahlonega/jethros-coffee-public-house/ 301
/cities/cumming/ /locations/ga/cumming/ 301
/shops/myth-legend-cumming-city-center/ /locations/ga/cumming/myth-legend-cumming-city-center/ 301
/shops/myth-legend-mobile-cart/ /locations/ga/cumming/myth-legend-mobile-cart/ 301
/cities/cleveland/ /locations/ga/cleveland/ 301
/shops/javis-mexican-grill-and-tavern/ /locations/ga/cleveland/javis-mexican-grill-and-tavern/ 301
/shops/farmhouse-coffee-cleveland/ /locations/ga/cleveland/farmhouse-coffee-cleveland/ 301
/cities/johns-creek/ /locations/ga/johns-creek/ 301
/shops/myth-legend-johns-creek/ /locations/ga/johns-creek/myth-legend-johns-creek/ 301
/cities/chamblee/ /locations/ga/chamblee/ 301
/shops/choice-coffee-co/ /locations/ga/chamblee/choice-coffee-co/ 301
/cities/clayton/ /locations/ga/clayton/ 301
/shops/white-birch-provisions/ /locations/ga/clayton/white-birch-provisions/ 301
/cities/gainesville/ /locations/ga/gainesville/ 301
/shops/farmhouse-coffee/ /locations/ga/gainesville/farmhouse-coffee/ 301
/cities/clarkesville/ /locations/ga/clarkesville/ 301
/shops/myth-legend-clarkesville/ /locations/ga/clarkesville/myth-legend-clarkesville/ 301
/cities/demorest/ /locations/ga/demorest/ 301
/shops/farmhouse-coffee-demorest/ /locations/ga/demorest/farmhouse-coffee-demorest/ 301
/cities/brooks/ /locations/ga/brooks/ 301
/shops/heavenly-coffee-house-and-market/ /locations/ga/brooks/heavenly-coffee-house-and-market/ 301
/cities/reidsville/ /locations/ga/reidsville/ 301
/shops/dandys-daily/ /locations/ga/reidsville/dandys-daily/ 301
/cities/glennville/ /locations/ga/glennville/ 301
/shops/the-proper-library-coffee/ /locations/ga/glennville/the-proper-library-coffee/ 301
/cities/springfield/ /locations/ga/springfield/ 301
/shops/paddles-coffee/ /locations/ga/springfield/paddles-coffee/ 301
/cities/makawao/ /locations/hi/makawao/ 301
/shops/makawao-marketplace/ /locations/hi/makawao/makawao-marketplace/ 301
/cities/wahiawa/ /locations/hi/wahiawa/ 301
/shops/surfers-coffee/ /locations/hi/wahiawa/surfers-coffee/ 301
/cities/kailua-kona/ /locations/hi/kailua-kona/ 301
/shops/hico-hawaiian-coffee/ /locations/hi/kailua-kona/hico-hawaiian-coffee/ 301
/cities/sioux-city/ /locations/ia/sioux-city/ 301
/shops/sweetwater-cafe-sioux-city/ /locations/ia/sioux-city/sweetwater-cafe-sioux-city/ 301
/cities/hinton/ /locations/ia/hinton/ 301
/shops/blackhawk-coffee-company/ /locations/ia/hinton/blackhawk-coffee-company/ 301
/cities/lake-park/ /locations/ia/lake-park/ 301
/shops/rise-grind-bakery-and-kitchen/ /locations/ia/lake-park/rise-grind-bakery-and-kitchen/ 301
/cities/dunlap/ /locations/ia/dunlap/ 301
/shops/common-grounds/ /locations/ia/dunlap/common-grounds/ 301
/cities/emmetsburg/ /locations/ia/emmetsburg/ 301
/shops/blurry-bigfoot-coffee-co/ /locations/ia/emmetsburg/blurry-bigfoot-coffee-co/ 301
/cities/avoca/ /locations/ia/avoca/ 301
/shops/barley-and-beans/ /locations/ia/avoca/barley-and-beans/ 301
/cities/adel/ /locations/ia/adel/ 301
/shops/the-morning-grind/ /locations/ia/adel/the-morning-grind/ 301
/cities/elkader/ /locations/ia/elkader/ 301
/shops/gear-elkader/ /locations/ia/elkader/gear-elkader/ 301
/cities/sigourney/ /locations/ia/sigourney/ 301
/shops/barn-wired/ /locations/ia/sigourney/barn-wired/ 301
/cities/ottumwa/ /locations/ia/ottumwa/ 301
/shops/vine-coffee-eatery/ /locations/ia/ottumwa/vine-coffee-eatery/ 301
/cities/kalona/ /locations/ia/kalona/ 301
/shops/creamery-coffee/ /locations/ia/kalona/creamery-coffee/ 301
/shops/kalona-coffee-house/ /locations/ia/kalona/kalona-coffee-house/ 301
/cities/iowa-city/ /locations/ia/iowa-city/ 301
/shops/press-coffee-company/ /locations/ia/iowa-city/press-coffee-company/ 301
/cities/keokuk/ /locations/ia/keokuk/ 301
/shops/the-lost-canvas-coffee/ /locations/ia/keokuk/the-lost-canvas-coffee/ 301
/cities/moscow/ /locations/id/moscow/ 301
/shops/silos-social/ /locations/id/moscow/silos-social/ 301
/cities/coeur-dalene/ /locations/id/coeur-dalene/ 301
/shops/cuppa-columbian-caffe/ /locations/id/coeur-dalene/cuppa-columbian-caffe/ 301
/shops/flos-coffee/ /locations/id/coeur-dalene/flos-coffee/ 301
/shops/vault-coffee/ /locations/id/coeur-dalene/vault-coffee/ 301
/shops/coeur-d-alene-coffee-company/ /locations/id/coeur-dalene/coeur-d-alene-coffee-company/ 301
/shops/cornerstone-coffee-and-sweets/ /locations/id/coeur-dalene/cornerstone-coffee-and-sweets/ 301
/shops/evans-brothers-coffee-roasters-coeur-dalene/ /locations/id/coeur-dalene/evans-brothers-coffee-roasters-coeur-dalene/ 301
/cities/sandpoint/ /locations/id/sandpoint/ 301
/shops/evans-brothers-coffee-roasters-sandpoint/ /locations/id/sandpoint/evans-brothers-coffee-roasters-sandpoint/ 301
/cities/bonners-ferry/ /locations/id/bonners-ferry/ 301
/shops/two-brews-coffee-co/ /locations/id/bonners-ferry/two-brews-coffee-co/ 301
/cities/twin-falls/ /locations/id/twin-falls/ 301
/shops/boomerang-coffee-co/ /locations/id/twin-falls/boomerang-coffee-co/ 301
/cities/pocatello/ /locations/id/pocatello/ 301
/shops/glean-coffee-roasters/ /locations/id/pocatello/glean-coffee-roasters/ 301
/cities/moline/ /locations/il/moline/ 301
/shops/milltown-coffee-moline/ /locations/il/moline/milltown-coffee-moline/ 301
/cities/macomb/ /locations/il/macomb/ 301
/shops/bold-brew-house-co/ /locations/il/macomb/bold-brew-house-co/ 301
/cities/crystal-lake/ /locations/il/crystal-lake/ 301
/shops/conscious-cup-crystal-lake/ /locations/il/crystal-lake/conscious-cup-crystal-lake/ 301
/cities/cary/ /locations/il/cary/ 301
/shops/conscious-cup-cary/ /locations/il/cary/conscious-cup-cary/ 301
/cities/elgin/ /locations/il/elgin/ 301
/shops/viator-coffee-co/ /locations/il/elgin/viator-coffee-co/ 301
/cities/barrington/ /locations/il/barrington/ 301
/shops/conscious-cup-cook-street/ /locations/il/barrington/conscious-cup-cook-street/ 301
/cities/libertyville/ /locations/il/libertyville/ 301
/shops/conscious-cup-libertyville/ /locations/il/libertyville/conscious-cup-libertyville/ 301
/cities/palatine/ /locations/il/palatine/ 301
/shops/conscious-cup-palatine/ /locations/il/palatine/conscious-cup-palatine/ 301
/cities/elmhurst/ /locations/il/elmhurst/ 301
/shops/pilot-petes-coffee-treats/ /locations/il/elmhurst/pilot-petes-coffee-treats/ 301
/cities/skokie/ /locations/il/skokie/ 301
/shops/soul-good-coffee/ /locations/il/skokie/soul-good-coffee/ 301
/cities/chicago/ /locations/il/chicago/ 301
/shops/westons-coffee-tap-co/ /locations/il/chicago/westons-coffee-tap-co/ 301
/shops/portage-grounds/ /locations/il/chicago/portage-grounds/ 301
/shops/khepri-cafe/ /locations/il/chicago/khepri-cafe/ 301
/shops/necessary-sufficient-coffee/ /locations/il/chicago/necessary-sufficient-coffee/ 301
/shops/common-cup/ /locations/il/chicago/common-cup/ 301
/shops/beans-bagels/ /locations/il/chicago/beans-bagels/ 301
/shops/jimmy-beans-coffee/ /locations/il/chicago/jimmy-beans-coffee/ 301
/shops/botanical-cafe/ /locations/il/chicago/botanical-cafe/ 301
/shops/crema-shop/ /locations/il/chicago/crema-shop/ 301
/shops/drink-happy-thoughts/ /locations/il/chicago/drink-happy-thoughts/ 301
/shops/gallery-cafe/ /locations/il/chicago/gallery-cafe/ 301
/shops/elevate-coffee-boystown/ /locations/il/chicago/elevate-coffee-boystown/ 301
/shops/muse-coffee-studio/ /locations/il/chicago/muse-coffee-studio/ 301
/shops/fancy-plants-cafe/ /locations/il/chicago/fancy-plants-cafe/ 301
/shops/engine-coffee/ /locations/il/chicago/engine-coffee/ 301
/shops/the-crepe-shop/ /locations/il/chicago/the-crepe-shop/ 301
/shops/smallcakes-cupcakery-chicago/ /locations/il/chicago/smallcakes-cupcakery-chicago/ 301
/shops/necessary-sufficient-coffee-printers-row/ /locations/il/chicago/necessary-sufficient-coffee-printers-row/ 301
/shops/overflow-coffee/ /locations/il/chicago/overflow-coffee/ 301
/cities/oak-park/ /locations/il/oak-park/ 301
/shops/blackout-baking-co/ /locations/il/oak-park/blackout-baking-co/ 301
/shops/whirlwind-coffee-co/ /locations/il/oak-park/whirlwind-coffee-co/ 301
/cities/collinsville/ /locations/il/collinsville/ 301
/shops/verona-coffee-company/ /locations/il/collinsville/verona-coffee-company/ 301
/cities/warrensburg/ /locations/il/warrensburg/ 301
/shops/121-coffee-run-warrensburg/ /locations/il/warrensburg/121-coffee-run-warrensburg/ 301
/cities/berwyn/ /locations/il/berwyn/ 301
/shops/juice-vibe-bar/ /locations/il/berwyn/juice-vibe-bar/ 301
/cities/decatur/ /locations/il/decatur/ 301
/shops/121-coffee-run-harristown/ /locations/il/decatur/121-coffee-run-harristown/ 301
/shops/121-coffee-run-decaturs-route-48/ /locations/il/decatur/121-coffee-run-decaturs-route-48/ 301
/cities/monticello/ /locations/il/monticello/ 301
/shops/3r²/ /locations/il/monticello/3r²/ 301
/cities/st-joseph/ /locations/il/st-joseph/ 301
/shops/geschenk-coffee-cafe-and-gifts/ /locations/il/st-joseph/geschenk-coffee-cafe-and-gifts/ 301
/cities/hoopeston/ /locations/il/hoopeston/ 301
/shops/112-wine-and-coffee-shoppe/ /locations/il/hoopeston/112-wine-and-coffee-shoppe/ 301
/cities/carmel/ /locations/in/carmel/ 301
/shops/epic-coffee-carmel/ /locations/in/carmel/epic-coffee-carmel/ 301
/cities/crane/ /locations/in/crane/ 301
/shops/warship-cafe-crane-base/ /locations/in/crane/warship-cafe-crane-base/ 301
/cities/garrett/ /locations/in/garrett/ 301
/shops/the-grind-coffee-house-of-garrett/ /locations/in/garrett/the-grind-coffee-house-of-garrett/ 301
/cities/loogootee/ /locations/in/loogootee/ 301
/shops/warship-cafe-loogootee/ /locations/in/loogootee/warship-cafe-loogootee/ 301
/cities/leo-cedarville/ /locations/in/leo-cedarville/ 301
/shops/perks-peak/ /locations/in/leo-cedarville/perks-peak/ 301
/cities/norton/ /locations/ks/norton/ 301
/shops/crafted-caffeine/ /locations/ks/norton/crafted-caffeine/ 301
/cities/concordia/ /locations/ks/concordia/ 301
/shops/jitters-coffee-house-lounge/ /locations/ks/concordia/jitters-coffee-house-lounge/ 301
/cities/junction-city/ /locations/ks/junction-city/ 301
/shops/paradox-coffee-bistro/ /locations/ks/junction-city/paradox-coffee-bistro/ 301
/cities/shelbyville/ /locations/ky/shelbyville/ 301
/shops/sixth-main-coffeehouse-inc/ /locations/ky/shelbyville/sixth-main-coffeehouse-inc/ 301
/cities/newport/ /locations/ky/newport/ 301
/shops/carabello-coffee-company/ /locations/ky/newport/carabello-coffee-company/ 301
/cities/prestonsburg/ /locations/ky/prestonsburg/ 301
/shops/dashing-sons-coffee-highland-arh/ /locations/ky/prestonsburg/dashing-sons-coffee-highland-arh/ 301
/cities/jonesboro/ /locations/la/jonesboro/ 301
/shops/four-corners-coffeehouse/ /locations/la/jonesboro/four-corners-coffeehouse/ 301
/cities/webster/ /locations/ma/webster/ 301
/shops/the-rose-room/ /locations/ma/webster/the-rose-room/ 301
/cities/saugatuck/ /locations/mi/saugatuck/ 301
/shops/uncommon-coffee-roasters/ /locations/mi/saugatuck/uncommon-coffee-roasters/ 301
/cities/lansing/ /locations/mi/lansing/ 301
/shops/the-brew-cafe/ /locations/mi/lansing/the-brew-cafe/ 301
/shops/biggby-coffee-lake-lansing-abbott/ /locations/mi/lansing/biggby-coffee-lake-lansing-abbott/ 301
/cities/pinckney/ /locations/mi/pinckney/ 301
/shops/nautimi-on-the-river/ /locations/mi/pinckney/nautimi-on-the-river/ 301
/cities/beverly-hills/ /locations/mi/beverly-hills/ 301
/shops/michigan-coffee-creamery-co/ /locations/mi/beverly-hills/michigan-coffee-creamery-co/ 301
/cities/milaca/ /locations/mn/milaca/ 301
/shops/coffee-corner-milaca/ /locations/mn/milaca/coffee-corner-milaca/ 301
/cities/buffalo/ /locations/mn/buffalo/ 301
/shops/buffalo-books-coffee/ /locations/mn/buffalo/buffalo-books-coffee/ 301
/cities/princeton/ /locations/mn/princeton/ 301
/shops/coffee-corner-princeton/ /locations/mn/princeton/coffee-corner-princeton/ 301
/cities/bloomington/ /locations/mn/bloomington/ 301
/shops/west-side-perk/ /locations/mn/bloomington/west-side-perk/ 301
/cities/lakeville/ /locations/mn/lakeville/ 301
/shops/tapestry-coffee/ /locations/mn/lakeville/tapestry-coffee/ 301
/cities/hastings/ /locations/mn/hastings/ 301
/shops/hyggefullr/ /locations/mn/hastings/hyggefullr/ 301
/cities/kansas-city/ /locations/mo/kansas-city/ 301
/shops/pilgrim-coffeehouse-kansas-city/ /locations/mo/kansas-city/pilgrim-coffeehouse-kansas-city/ 301
/cities/queen-city/ /locations/mo/queen-city/ 301
/shops/kafé-kingdom/ /locations/mo/queen-city/kafé-kingdom/ 301
/cities/nevada/ /locations/mo/nevada/ 301
/shops/precision-coffee-company/ /locations/mo/nevada/precision-coffee-company/ 301
/cities/memphis/ /locations/mo/memphis/ 301
/shops/the-henhouse-coffee/ /locations/mo/memphis/the-henhouse-coffee/ 301
/cities/el-dorado-springs/ /locations/mo/el-dorado-springs/ 301
/shops/main-street-coffee/ /locations/mo/el-dorado-springs/main-street-coffee/ 301
/cities/joplin/ /locations/mo/joplin/ 301
/shops/lighthouse-coffee-mercantile/ /locations/mo/joplin/lighthouse-coffee-mercantile/ 301
/cities/boonville/ /locations/mo/boonville/ 301
/shops/derailed-coffee-bar-cafe/ /locations/mo/boonville/derailed-coffee-bar-cafe/ 301
/cities/neosho/ /locations/mo/neosho/ 301
/shops/the-rustic-cup-coffee-co/ /locations/mo/neosho/the-rustic-cup-coffee-co/ 301
/cities/fulton/ /locations/mo/fulton/ 301
/shops/gopo-the-gourmet-popcorn-bar/ /locations/mo/fulton/gopo-the-gourmet-popcorn-bar/ 301
/cities/waynesville/ /locations/mo/waynesville/ 301
/shops/drachenfutter/ /locations/mo/waynesville/drachenfutter/ 301
/cities/hillsboro/ /locations/mo/hillsboro/ 301
/shops/the-wandering-bean-hillsboro-location/ /locations/mo/hillsboro/the-wandering-bean-hillsboro-location/ 301
/cities/pevely/ /locations/mo/pevely/ 301
/shops/the-wandering-bean-trailer-pevely-location/ /locations/mo/pevely/the-wandering-bean-trailer-pevely-location/ 301
/cities/ecru/ /locations/ms/ecru/ 301
/shops/the-blissful-bean/ /locations/ms/ecru/the-blissful-bean/ 301
/cities/vicksburg/ /locations/ms/vicksburg/ 301
/shops/cafe-paradiso-61-north/ /locations/ms/vicksburg/cafe-paradiso-61-north/ 301
/shops/caffè-paradiso/ /locations/ms/vicksburg/caffè-paradiso/ 301
/shops/caffe-paradiso-erdc/ /locations/ms/vicksburg/caffe-paradiso-erdc/ 301
/cities/eupora/ /locations/ms/eupora/ 301
/shops/the-coffee-shop-eupora/ /locations/ms/eupora/the-coffee-shop-eupora/ 301
/cities/mathiston/ /locations/ms/mathiston/ 301
/shops/the-coffee-lair-mathiston/ /locations/ms/mathiston/the-coffee-lair-mathiston/ 301
/cities/ackerman/ /locations/ms/ackerman/ 301
/shops/the-coffee-shop-ackerman/ /locations/ms/ackerman/the-coffee-shop-ackerman/ 301
/shops/a-town-brew-co/ /locations/ms/ackerman/a-town-brew-co/ 301
/cities/purvis/ /locations/ms/purvis/ 301
/shops/steam-craft-coffee-cafe/ /locations/ms/purvis/steam-craft-coffee-cafe/ 301
/cities/wiggins/ /locations/ms/wiggins/ 301
/shops/southern-turnings-coffee-hut/ /locations/ms/wiggins/southern-turnings-coffee-hut/ 301
/shops/the-coffee-shop-at-southern-turnings/ /locations/ms/wiggins/the-coffee-shop-at-southern-turnings/ 301
/cities/arlee/ /locations/mt/arlee/ 301
/shops/black-bear-espresso/ /locations/mt/arlee/black-bear-espresso/ 301
/cities/broadus/ /locations/mt/broadus/ 301
/shops/the-coffee-shop/ /locations/mt/broadus/the-coffee-shop/ 301
/cities/highlands/ /locations/nc/highlands/ 301
/shops/calders-coffee-cafe/ /locations/nc/highlands/calders-coffee-cafe/ 301
/cities/troutman/ /locations/nc/troutman/ 301
/shops/your-coffee-place/ /locations/nc/troutman/your-coffee-place/ 301
/cities/winston-salem/ /locations/nc/winston-salem/ 301
/shops/doodlations-coffee-bar-boutique/ /locations/nc/winston-salem/doodlations-coffee-bar-boutique/ 301
/cities/mint-hill/ /locations/nc/mint-hill/ 301
/shops/forest-trail-house/ /locations/nc/mint-hill/forest-trail-house/ 301
/cities/greensboro/ /locations/nc/greensboro/ 301
/shops/a-special-blend/ /locations/nc/greensboro/a-special-blend/ 301
/cities/bismarck/ /locations/nd/bismarck/ 301
/shops/12-stones-coffee-company/ /locations/nd/bismarck/12-stones-coffee-company/ 301
/cities/larimore/ /locations/nd/larimore/ 301
/shops/larimore-flower-gift-shop/ /locations/nd/larimore/larimore-flower-gift-shop/ 301
/cities/fargo/ /locations/nd/fargo/ 301
/shops/moxie-java-the-lights/ /locations/nd/fargo/moxie-java-the-lights/ 301
/cities/grand-island/ /locations/ne/grand-island/ 301
/shops/phams-coffee-boba-webb/ /locations/ne/grand-island/phams-coffee-boba-webb/ 301
/cities/aurora/ /locations/ne/aurora/ 301
/shops/the-makers-bakers-builders/ /locations/ne/aurora/the-makers-bakers-builders/ 301
/cities/clarkson/ /locations/ne/clarkson/ 301
/shops/fit-fuel-cafe/ /locations/ne/clarkson/fit-fuel-cafe/ 301
/cities/winnebago/ /locations/ne/winnebago/ 301
/shops/sweet-water-cafe-ii/ /locations/ne/winnebago/sweet-water-cafe-ii/ 301
/cities/lincoln/ /locations/ne/lincoln/ 301
/shops/rose-cat-coffee-company/ /locations/ne/lincoln/rose-cat-coffee-company/ 301
/cities/sussex/ /locations/nj/sussex/ 301
/shops/sussex-coffee-company/ /locations/nj/sussex/sussex-coffee-company/ 301
/cities/woodstown/ /locations/nj/woodstown/ 301
/shops/cowtown-coffee-roasters/ /locations/nj/woodstown/cowtown-coffee-roasters/ 301
/cities/merchantville/ /locations/nj/merchantville/ 301
/shops/hallowed-grounds-coffee-co/ /locations/nj/merchantville/hallowed-grounds-coffee-co/ 301
/cities/blackwood/ /locations/nj/blackwood/ 301
/shops/hallowed-grounds-coffee-cafe/ /locations/nj/blackwood/hallowed-grounds-coffee-cafe/ 301
/cities/cliffside-park/ /locations/nj/cliffside-park/ 301
/shops/its-koffee-time-mobile-bar/ /locations/nj/cliffside-park/its-koffee-time-mobile-bar/ 301
/cities/howell-township/ /locations/nj/howell-township/ 301
/shops/the-caffeine-haven/ /locations/nj/howell-township/the-caffeine-haven/ 301
/cities/ocean/ /locations/nj/ocean/ 301
/shops/ocean-brew-market/ /locations/nj/ocean/ocean-brew-market/ 301
/cities/toms-river/ /locations/nj/toms-river/ 301
/shops/the-caffeine-haven-toms-river/ /locations/nj/toms-river/the-caffeine-haven-toms-river/ 301
/cities/asbury-park/ /locations/nj/asbury-park/ 301
/shops/asbury-park-roastery-2nd-ave-not-the-boardwalk/ /locations/nj/asbury-park/asbury-park-roastery-2nd-ave-not-the-boardwalk/ 301
/cities/bradley-beach/ /locations/nj/bradley-beach/ 301
/shops/perfect-perk-cafe/ /locations/nj/bradley-beach/perfect-perk-cafe/ 301
/cities/spring-lake/ /locations/nj/spring-lake/ 301
/shops/driftwood-coffee-house/ /locations/nj/spring-lake/driftwood-coffee-house/ 301
/cities/alamogordo/ /locations/nm/alamogordo/ 301
/shops/plateau-espresso/ /locations/nm/alamogordo/plateau-espresso/ 301
/cities/reno/ /locations/nv/reno/ 301
/shops/superstitions-java-north-valleys-89506/ /locations/nv/reno/superstitions-java-north-valleys-89506/ 301
/shops/superstitions-java-unr-89503/ /locations/nv/reno/superstitions-java-unr-89503/ 301
/shops/forged-roasting-co-4th-st/ /locations/nv/reno/forged-roasting-co-4th-st/ 301
/shops/forged-roasting-co-sierra-water/ /locations/nv/reno/forged-roasting-co-sierra-water/ 301
/cities/sodus/ /locations/ny/sodus/ 301
/shops/imprint-coffee-house/ /locations/ny/sodus/imprint-coffee-house/ 301
/shops/imprint-roastery-drive-thru/ /locations/ny/sodus/imprint-roastery-drive-thru/ 301
/cities/sodus-point/ /locations/ny/sodus-point/ 301
/shops/sodus-point-truck/ /locations/ny/sodus-point/sodus-point-truck/ 301
/cities/edmeston/ /locations/ny/edmeston/ 301
/shops/all-the-perks/ /locations/ny/edmeston/all-the-perks/ 301
/cities/coxsackie/ /locations/ny/coxsackie/ 301
/shops/greater-things-roasters/ /locations/ny/coxsackie/greater-things-roasters/ 301
/cities/cold-spring-harbor/ /locations/ny/cold-spring-harbor/ 301
/shops/sweetie-pies-on-main/ /locations/ny/cold-spring-harbor/sweetie-pies-on-main/ 301
/cities/shirley/ /locations/ny/shirley/ 301
/shops/tend-coffee/ /locations/ny/shirley/tend-coffee/ 301
/cities/bryan/ /locations/oh/bryan/ 301
/shops/jumpin-beanz-bryan/ /locations/oh/bryan/jumpin-beanz-bryan/ 301
/cities/convoy/ /locations/oh/convoy/ 301
/shops/the-rebel-bean/ /locations/oh/convoy/the-rebel-bean/ 301
/cities/new-paris/ /locations/oh/new-paris/ 301
/shops/the-cedar-coffee/ /locations/oh/new-paris/the-cedar-coffee/ 301
/shops/the-cedar-wine/ /locations/oh/new-paris/the-cedar-wine/ 301
/cities/toledo/ /locations/oh/toledo/ 301
/shops/grindhrs-coffee-community/ /locations/oh/toledo/grindhrs-coffee-community/ 301
/cities/hamilton/ /locations/oh/hamilton/ 301
/shops/coffee-cup-overflowing/ /locations/oh/hamilton/coffee-cup-overflowing/ 301
/cities/cincinnati/ /locations/oh/cincinnati/ 301
/shops/georgies-walk-up/ /locations/oh/cincinnati/georgies-walk-up/ 301
/cities/centerburg/ /locations/oh/centerburg/ 301
/shops/centerbean-coffee-house/ /locations/oh/centerburg/centerbean-coffee-house/ 301
/cities/bexley/ /locations/oh/bexley/ 301
/shops/swonderful-times/ /locations/oh/bexley/swonderful-times/ 301
/cities/pickerington/ /locations/oh/pickerington/ 301
/shops/sorso-coffee/ /locations/oh/pickerington/sorso-coffee/ 301
/cities/university-heights/ /locations/oh/university-heights/ 301
/shops/odd-dog-coffee/ /locations/oh/university-heights/odd-dog-coffee/ 301
/cities/uniontown/ /locations/oh/uniontown/ 301
/shops/koine-coffee/ /locations/oh/uniontown/koine-coffee/ 301
/cities/new-philadelphia/ /locations/oh/new-philadelphia/ 301
/shops/daily-grind-cafe/ /locations/oh/new-philadelphia/daily-grind-cafe/ 301
/cities/edmond/ /locations/ok/edmond/ 301
/shops/beacon-coffee-stand/ /locations/ok/edmond/beacon-coffee-stand/ 301
/cities/bethany/ /locations/ok/bethany/ 301
/shops/serve-coffee-community/ /locations/ok/bethany/serve-coffee-community/ 301
/cities/oklahoma-city/ /locations/ok/oklahoma-city/ 301
/shops/siyo-coffee-and-cacao/ /locations/ok/oklahoma-city/siyo-coffee-and-cacao/ 301
/cities/bartlesville/ /locations/ok/bartlesville/ 301
/shops/outpost-coffee/ /locations/ok/bartlesville/outpost-coffee/ 301
/cities/comanche/ /locations/ok/comanche/ 301
/shops/the-daily-grind-coffee-shoppe/ /locations/ok/comanche/the-daily-grind-coffee-shoppe/ 301
/cities/claremore/ /locations/ok/claremore/ 301
/shops/french-quarter-coffee-company/ /locations/ok/claremore/french-quarter-coffee-company/ 301
/shops/clever-fox-coffee/ /locations/ok/claremore/clever-fox-coffee/ 301
/cities/inola/ /locations/ok/inola/ 301
/shops/the-coffee-barn/ /locations/ok/inola/the-coffee-barn/ 301
/cities/ada/ /locations/ok/ada/ 301
/shops/goodway-coffee-co/ /locations/ok/ada/goodway-coffee-co/ 301
/cities/porter/ /locations/ok/porter/ 301
/shops/peachtown-cafe/ /locations/ok/porter/peachtown-cafe/ 301
/cities/vian/ /locations/ok/vian/ 301
/shops/lattes-blooms/ /locations/ok/vian/lattes-blooms/ 301
/cities/idabel/ /locations/ok/idabel/ 301
/shops/punkins-coffee-house-and-eatery/ /locations/ok/idabel/punkins-coffee-house-and-eatery/ 301
/cities/portland/ /locations/or/portland/ 301
/shops/cafe-eleven/ /locations/or/portland/cafe-eleven/ 301
/shops/the-albina-press-north-albina-ave/ /locations/or/portland/the-albina-press-north-albina-ave/ 301
/shops/caffe-destino/ /locations/or/portland/caffe-destino/ 301
/shops/well-good-bonny-slope/ /locations/or/portland/well-good-bonny-slope/ 301
/shops/northfresh-coffee-roasters/ /locations/or/portland/northfresh-coffee-roasters/ 301
/shops/the-albina-press-se-hawthorne-blvd/ /locations/or/portland/the-albina-press-se-hawthorne-blvd/ 301
/shops/wild-rose-coffee/ /locations/or/portland/wild-rose-coffee/ 301
/shops/sip-pdx/ /locations/or/portland/sip-pdx/ 301
/shops/café-zamora/ /locations/or/portland/café-zamora/ 301
/shops/blue-jay-coffees-new-kiosk/ /locations/or/portland/blue-jay-coffees-new-kiosk/ 301
/cities/beaverton/ /locations/or/beaverton/ 301
/shops/sauvie-island-coffee-company/ /locations/or/beaverton/sauvie-island-coffee-company/ 301
/shops/kitanda-coffee-acai-beaverton/ /locations/or/beaverton/kitanda-coffee-acai-beaverton/ 301
/shops/pipers-perks/ /locations/or/beaverton/pipers-perks/ 301
/cities/tigard/ /locations/or/tigard/ 301
/shops/symposium-coffee-tigard/ /locations/or/tigard/symposium-coffee-tigard/ 301
/shops/well-good-tigard/ /locations/or/tigard/well-good-tigard/ 301
/shops/lugano-cafe-catering/ /locations/or/tigard/lugano-cafe-catering/ 301
/cities/milwaukie/ /locations/or/milwaukie/ 301
/shops/blue-jays-at-the-local-coffee-company/ /locations/or/milwaukie/blue-jays-at-the-local-coffee-company/ 301
/shops/blue-jay-coffees/ /locations/or/milwaukie/blue-jay-coffees/ 301
/cities/sherwood/ /locations/or/sherwood/ 301
/shops/symposium-coffee-sherwood/ /locations/or/sherwood/symposium-coffee-sherwood/ 301
/cities/west-linn/ /locations/or/west-linn/ 301
/shops/willamette-coffee-house/ /locations/or/west-linn/willamette-coffee-house/ 301
/cities/rhododendron/ /locations/or/rhododendron/ 301
/shops/mt-hood-roasters/ /locations/or/rhododendron/mt-hood-roasters/ 301
/cities/canby/ /locations/or/canby/ 301
/shops/gwynns-willamette-coffee-house/ /locations/or/canby/gwynns-willamette-coffee-house/ 301
/cities/aurora/ /locations/or/aurora/ 301
/shops/chug-coffee/ /locations/or/aurora/chug-coffee/ 301
/cities/hubbard/ /locations/or/hubbard/ 301
/shops/le-petit-bistro/ /locations/or/hubbard/le-petit-bistro/ 301
/shops/the-whiskey-hill-store/ /locations/or/hubbard/the-whiskey-hill-store/ 301
/cities/sheridan/ /locations/or/sheridan/ 301
/shops/hurricane-coffee/ /locations/or/sheridan/hurricane-coffee/ 301
/cities/umatilla/ /locations/or/umatilla/ 301
/shops/maple-moose-coffee-co-umatilla/ /locations/or/umatilla/maple-moose-coffee-co-umatilla/ 301
/cities/hermiston/ /locations/or/hermiston/ 301
/shops/farm-grounds-coffee-hermiston/ /locations/or/hermiston/farm-grounds-coffee-hermiston/ 301
/shops/maple-moose-coffee-co-hermiston/ /locations/or/hermiston/maple-moose-coffee-co-hermiston/ 301
/cities/heppner/ /locations/or/heppner/ 301
/shops/despain-pizza/ /locations/or/heppner/despain-pizza/ 301
/cities/pendleton/ /locations/or/pendleton/ 301
/shops/ground-up-pendleton/ /locations/or/pendleton/ground-up-pendleton/ 301
/cities/adrian/ /locations/or/adrian/ 301
/shops/succor-creek-coffee/ /locations/or/adrian/succor-creek-coffee/ 301
/cities/erie/ /locations/pa/erie/ 301
/shops/tipsy-bean-cafe/ /locations/pa/erie/tipsy-bean-cafe/ 301
/cities/pittsburgh/ /locations/pa/pittsburgh/ 301
/shops/café-conmigo-pit-airport-post-security-location-across-from-sarris-candies/ /locations/pa/pittsburgh/café-conmigo-pit-airport-post-security-location-across-from-sarris-candies/ 301
/shops/cafe-conmigo-pit-airport-before-securitybaggage-claim/ /locations/pa/pittsburgh/cafe-conmigo-pit-airport-before-securitybaggage-claim/ 301
/cities/cranberry-twp/ /locations/pa/cranberry-twp/ 301
/shops/café-conmigo-1659-cranberry/ /locations/pa/cranberry-twp/café-conmigo-1659-cranberry/ 301
/cities/wexford/ /locations/pa/wexford/ 301
/shops/café-conmigo-wexford/ /locations/pa/wexford/café-conmigo-wexford/ 301
/cities/new-kensington/ /locations/pa/new-kensington/ 301
/shops/steel-cup-coffee/ /locations/pa/new-kensington/steel-cup-coffee/ 301
/cities/new-stanton/ /locations/pa/new-stanton/ 301
/shops/stanton-daily-grind/ /locations/pa/new-stanton/stanton-daily-grind/ 301
/cities/uniontown/ /locations/pa/uniontown/ 301
/shops/nepa-valley-bloom-brew-co/ /locations/pa/uniontown/nepa-valley-bloom-brew-co/ 301
/cities/brockway/ /locations/pa/brockway/ 301
/shops/grounded-cafe-eatery/ /locations/pa/brockway/grounded-cafe-eatery/ 301
/cities/benton/ /locations/pa/benton/ 301
/shops/wood-shelf-cafe/ /locations/pa/benton/wood-shelf-cafe/ 301
/cities/philadelphia/ /locations/pa/philadelphia/ 301
/shops/earth-cup-grill/ /locations/pa/philadelphia/earth-cup-grill/ 301
/cities/north-kingstown/ /locations/ri/north-kingstown/ 301
/shops/lighthouse-coffee-roasters-cafe/ /locations/ri/north-kingstown/lighthouse-coffee-roasters-cafe/ 301
/cities/pickens/ /locations/sc/pickens/ 301
/shops/wisteria-art-cafe/ /locations/sc/pickens/wisteria-art-cafe/ 301
/cities/rock-hill/ /locations/sc/rock-hill/ 301
/shops/forte-legato-coffee/ /locations/sc/rock-hill/forte-legato-coffee/ 301
/cities/kershaw/ /locations/sc/kershaw/ 301
/shops/creightons-creamery/ /locations/sc/kershaw/creightons-creamery/ 301
/cities/jefferson/ /locations/sc/jefferson/ 301
/shops/the-brew-house-on-main/ /locations/sc/jefferson/the-brew-house-on-main/ 301
/cities/ravenel/ /locations/sc/ravenel/ 301
/shops/yodi-dog-coffee-food-trailer/ /locations/sc/ravenel/yodi-dog-coffee-food-trailer/ 301
/cities/rapid-city/ /locations/sd/rapid-city/ 301
/shops/pure-bean-coffeehouse/ /locations/sd/rapid-city/pure-bean-coffeehouse/ 301
/cities/murdo/ /locations/sd/murdo/ 301
/shops/sweet-olivias-coffee-bar/ /locations/sd/murdo/sweet-olivias-coffee-bar/ 301
/cities/redfield/ /locations/sd/redfield/ 301
/shops/simply-charming/ /locations/sd/redfield/simply-charming/ 301
/cities/plankinton/ /locations/sd/plankinton/ 301
/shops/silo-market/ /locations/sd/plankinton/silo-market/ 301
/cities/sisseton/ /locations/sd/sisseton/ 301
/shops/madelines/ /locations/sd/sisseton/madelines/ 301
/cities/brookings/ /locations/sd/brookings/ 301
/shops/kool-beans-coffee-and-roasterie/ /locations/sd/brookings/kool-beans-coffee-and-roasterie/ 301
/shops/cottonwood-coffee/ /locations/sd/brookings/cottonwood-coffee/ 301
/shops/cottonwood-bistro/ /locations/sd/brookings/cottonwood-bistro/ 301
/cities/memphis/ /locations/tn/memphis/ 301
/shops/the-mane-wildling-x-cxffeeblack/ /locations/tn/memphis/the-mane-wildling-x-cxffeeblack/ 301
/shops/cxffeeblack/ /locations/tn/memphis/cxffeeblack/ 301
/cities/cookeville/ /locations/tn/cookeville/ 301
/shops/vertical-coffee-company/ /locations/tn/cookeville/vertical-coffee-company/ 301
/shops/buffalo-brew/ /locations/tn/cookeville/buffalo-brew/ 301
/cities/winchester/ /locations/tn/winchester/ 301
/shops/cjs-coffee-barn/ /locations/tn/winchester/cjs-coffee-barn/ 301
/cities/chattanooga/ /locations/tn/chattanooga/ 301
/shops/goodman-coffee-roasters-warehouse-row/ /locations/tn/chattanooga/goodman-coffee-roasters-warehouse-row/ 301
/shops/goodman-coffee-roasters-st-elmo/ /locations/tn/chattanooga/goodman-coffee-roasters-st-elmo/ 301
/cities/knoxville/ /locations/tn/knoxville/ 301
/shops/the-coffee-run-mobile/ /locations/tn/knoxville/the-coffee-run-mobile/ 301
/shops/awaken-coffee/ /locations/tn/knoxville/awaken-coffee/ 301
/cities/johnson-city/ /locations/tn/johnson-city/ 301
/shops/pike-house-coffee-roasters/ /locations/tn/johnson-city/pike-house-coffee-roasters/ 301
/cities/justin/ /locations/tx/justin/ 301
/shops/coffee-cabana-justin/ /locations/tx/justin/coffee-cabana-justin/ 301
/cities/northlake/ /locations/tx/northlake/ 301
/shops/tin-star-coffee-pecan-square-pickleball-courts/ /locations/tx/northlake/tin-star-coffee-pecan-square-pickleball-courts/ 301
/cities/haslet/ /locations/tx/haslet/ 301
/shops/froth-coffee-bar-haslet/ /locations/tx/haslet/froth-coffee-bar-haslet/ 301
/cities/alstyne/ /locations/tx/alstyne/ 301
/shops/myth-ember-coffee-house/ /locations/tx/alstyne/myth-ember-coffee-house/ 301
/cities/plano/ /locations/tx/plano/ 301
/shops/meccha-matcha/ /locations/tx/plano/meccha-matcha/ 301
/cities/garland/ /locations/tx/garland/ 301
/shops/rosalind-coffee-tx/ /locations/tx/garland/rosalind-coffee-tx/ 301
/cities/fort-hood/ /locations/tx/fort-hood/ 301
/shops/cup-of-joe-coffee-shop/ /locations/tx/fort-hood/cup-of-joe-coffee-shop/ 301
/cities/corsicana/ /locations/tx/corsicana/ 301
/shops/mitas-coffee-house-fine-food/ /locations/tx/corsicana/mitas-coffee-house-fine-food/ 301
/cities/lorena/ /locations/tx/lorena/ 301
/shops/boujee-bean/ /locations/tx/lorena/boujee-bean/ 301
/cities/utopia/ /locations/tx/utopia/ 301
/shops/the-water-hole-pavilion-coffee-house/ /locations/tx/utopia/the-water-hole-pavilion-coffee-house/ 301
/cities/bandera/ /locations/tx/bandera/ 301
/shops/cowgirl-coffee-company/ /locations/tx/bandera/cowgirl-coffee-company/ 301
/cities/athens/ /locations/tx/athens/ 301
/shops/treehouse-cupcakes-frozen-treats/ /locations/tx/athens/treehouse-cupcakes-frozen-treats/ 301
/shops/store-2-treehouse-brew-cafe-cain-center/ /locations/tx/athens/store-2-treehouse-brew-cafe-cain-center/ 301
/cities/san-antonio/ /locations/tx/san-antonio/ 301
/shops/thirty-grind/ /locations/tx/san-antonio/thirty-grind/ 301
/shops/coffee-me-crazy/ /locations/tx/san-antonio/coffee-me-crazy/ 301
/shops/early-bird-coffee/ /locations/tx/san-antonio/early-bird-coffee/ 301
/shops/poppys-coffee-house/ /locations/tx/san-antonio/poppys-coffee-house/ 301
/shops/medina-river-coffee-roasters/ /locations/tx/san-antonio/medina-river-coffee-roasters/ 301
/shops/paciugo-gelato-cafe/ /locations/tx/san-antonio/paciugo-gelato-cafe/ 301
/shops/southbound-coffee/ /locations/tx/san-antonio/southbound-coffee/ 301
/cities/white-oak/ /locations/tx/white-oak/ 301
/shops/coffee-ology-white-oak/ /locations/tx/white-oak/coffee-ology-white-oak/ 301
/cities/jourdanton/ /locations/tx/jourdanton/ 301
/shops/sunshine-house-coffee/ /locations/tx/jourdanton/sunshine-house-coffee/ 301
/cities/joaquin/ /locations/tx/joaquin/ 301
/shops/bites-brew/ /locations/tx/joaquin/bites-brew/ 301
/cities/rockport/ /locations/tx/rockport/ 301
/shops/bella-la-brew-coffee-bar/ /locations/tx/rockport/bella-la-brew-coffee-bar/ 301
/shops/rockport-daily-grind/ /locations/tx/rockport/rockport-daily-grind/ 301
/cities/harlingen/ /locations/tx/harlingen/ 301
/shops/goat-tea-coffee-house/ /locations/tx/harlingen/goat-tea-coffee-house/ 301
/cities/roy/ /locations/ut/roy/ 301
/shops/northru0-grumman-location/ /locations/ut/roy/northru0-grumman-location/ 301
/cities/ogden/ /locations/ut/ogden/ 301
/shops/grounds-for-coffee-3005-harrison-blvd/ /locations/ut/ogden/grounds-for-coffee-3005-harrison-blvd/ 301
/shops/grounds-for-coffee-mckay-dee-hospital/ /locations/ut/ogden/grounds-for-coffee-mckay-dee-hospital/ 301
/cities/south-ogden/ /locations/ut/south-ogden/ 301
/shops/grounds-for-coffee-40th/ /locations/ut/south-ogden/grounds-for-coffee-40th/ 301
/cities/morgan/ /locations/ut/morgan/ 301
/shops/grounds-for-coffee-morgan/ /locations/ut/morgan/grounds-for-coffee-morgan/ 301
/cities/west-valley-city/ /locations/ut/west-valley-city/ 301
/shops/marmalade-coffee-co-20-sps-location/ /locations/ut/west-valley-city/marmalade-coffee-co-20-sps-location/ 301
/cities/salt-lake-city/ /locations/ut/salt-lake-city/ 301
/shops/commissary/ /locations/ut/salt-lake-city/commissary/ 301
/cities/taylorsville/ /locations/ut/taylorsville/ 301
/shops/marmalade-coffee-co-20-taylorsville-location/ /locations/ut/taylorsville/marmalade-coffee-co-20-taylorsville-location/ 301
/cities/millcreek/ /locations/ut/millcreek/ 301
/shops/grounds-for-coffee-st-marks-hospital/ /locations/ut/millcreek/grounds-for-coffee-st-marks-hospital/ 301
/cities/cedar-city/ /locations/ut/cedar-city/ 301
/shops/cedar/ /locations/ut/cedar-city/cedar/ 301
/cities/st-george/ /locations/ut/st-george/ 301
/shops/sunset/ /locations/ut/st-george/sunset/ 301
/shops/st-george-blvd/ /locations/ut/st-george/st-george-blvd/ 301
/cities/hurricane/ /locations/ut/hurricane/ 301
/shops/hurricane/ /locations/ut/hurricane/hurricane/ 301
/cities/bassett/ /locations/va/bassett/ 301
/shops/factory-roast/ /locations/va/bassett/factory-roast/ 301
/cities/fredericksburg/ /locations/va/fredericksburg/ 301
/shops/25-30-espresso/ /locations/va/fredericksburg/25-30-espresso/ 301
/cities/rio-de-janeiro/ /locations/va/rio-de-janeiro/ 301
/shops/armazém-do-café/ /locations/va/rio-de-janeiro/armazém-do-café/ 301
/cities/gig-harbor/ /locations/wa/gig-harbor/ 301
/shops/kimball-coffeehouse/ /locations/wa/gig-harbor/kimball-coffeehouse/ 301
/cities/tacoma/ /locations/wa/tacoma/ 301
/shops/anthem-coffee-tea-point-ruston/ /locations/wa/tacoma/anthem-coffee-tea-point-ruston/ 301
/shops/wide-awake-cafè-espresso-ruston/ /locations/wa/tacoma/wide-awake-cafè-espresso-ruston/ 301
/shops/anthem-coffee-tea-old-town/ /locations/wa/tacoma/anthem-coffee-tea-old-town/ 301
/shops/curran-coffee/ /locations/wa/tacoma/curran-coffee/ 301
/shops/wide-awake-cafe-espresso-4002-center-st-oakland-madrona-neighborhood/ /locations/wa/tacoma/wide-awake-cafe-espresso-4002-center-st-oakland-madrona-neighborhood/ 301
/shops/campfire-coffee-co-tpu/ /locations/wa/tacoma/campfire-coffee-co-tpu/ 301
/shops/campfire-coffee-co-market-street/ /locations/wa/tacoma/campfire-coffee-co-market-street/ 301
/shops/martin-henry-espresso/ /locations/wa/tacoma/martin-henry-espresso/ 301
/shops/anthem-coffee-tea-dt-tacoma/ /locations/wa/tacoma/anthem-coffee-tea-dt-tacoma/ 301
/shops/wide-awake-cafè-espresso-1011-center-street/ /locations/wa/tacoma/wide-awake-cafè-espresso-1011-center-street/ 301
/shops/locus-cafe/ /locations/wa/tacoma/locus-cafe/ 301
/shops/espresso-4-u/ /locations/wa/tacoma/espresso-4-u/ 301
/cities/federal-way/ /locations/wa/federal-way/ 301
/shops/asensio-coffee/ /locations/wa/federal-way/asensio-coffee/ 301
/cities/port-orchard/ /locations/wa/port-orchard/ 301
/shops/alans-country-cafe/ /locations/wa/port-orchard/alans-country-cafe/ 301
/shops/dudes-donuts/ /locations/wa/port-orchard/dudes-donuts/ 301
/cities/lakewood/ /locations/wa/lakewood/ 301
/shops/buzz-central/ /locations/wa/lakewood/buzz-central/ 301
/cities/normandy-park/ /locations/wa/normandy-park/ 301
/shops/empire-coffee/ /locations/wa/normandy-park/empire-coffee/ 301
/cities/seatac/ /locations/wa/seatac/ 301
/shops/java-jive-thru/ /locations/wa/seatac/java-jive-thru/ 301
/cities/burien/ /locations/wa/burien/ 301
/shops/mighty-mugs-coffee-burien/ /locations/wa/burien/mighty-mugs-coffee-burien/ 301
/cities/milton/ /locations/wa/milton/ 301
/shops/a-spoonful-of-sugar/ /locations/wa/milton/a-spoonful-of-sugar/ 301
/cities/parkland/ /locations/wa/parkland/ 301
/shops/better-days-drink-co/ /locations/wa/parkland/better-days-drink-co/ 301
/cities/edgewood/ /locations/wa/edgewood/ 301
/shops/dew-point-coffee-company/ /locations/wa/edgewood/dew-point-coffee-company/ 301
/cities/seattle/ /locations/wa/seattle/ 301
/shops/dubsea-coffee/ /locations/wa/seattle/dubsea-coffee/ 301
/shops/caffe-ladro-west-seattle/ /locations/wa/seattle/caffe-ladro-west-seattle/ 301
/shops/the-missing-piece/ /locations/wa/seattle/the-missing-piece/ 301
/shops/mighty-mugs-coffee-west-seattle/ /locations/wa/seattle/mighty-mugs-coffee-west-seattle/ 301
/shops/hotwire-coffeehouse/ /locations/wa/seattle/hotwire-coffeehouse/ 301
/shops/canela-mexican-cafe/ /locations/wa/seattle/canela-mexican-cafe/ 301
/shops/west-seattle-grounds/ /locations/wa/seattle/west-seattle-grounds/ 301
/shops/cafe-red/ /locations/wa/seattle/cafe-red/ 301
/shops/the-burnt-coffee-co/ /locations/wa/seattle/the-burnt-coffee-co/ 301
/shops/caffe-ladro-2u/ /locations/wa/seattle/caffe-ladro-2u/ 301
/shops/pike-street-coffee/ /locations/wa/seattle/pike-street-coffee/ 301
/shops/caffe-ladro-pine/ /locations/wa/seattle/caffe-ladro-pine/ 301
/shops/cafe-calaveras/ /locations/wa/seattle/cafe-calaveras/ 301
/shops/voxx-coffee-downtown/ /locations/wa/seattle/voxx-coffee-downtown/ 301
/shops/dream-bakery/ /locations/wa/seattle/dream-bakery/ 301
/shops/kitanda-espresso-acai-mackenzie/ /locations/wa/seattle/kitanda-espresso-acai-mackenzie/ 301
/shops/caffe-ladro-lower-queen-anne/ /locations/wa/seattle/caffe-ladro-lower-queen-anne/ 301
/shops/caffe-ladro-fairview-south-lake-union/ /locations/wa/seattle/caffe-ladro-fairview-south-lake-union/ 301
/shops/203-degrees-fahrenheit/ /locations/wa/seattle/203-degrees-fahrenheit/ 301
/shops/avole/ /locations/wa/seattle/avole/ 301
/shops/kitanda-espresso-acai-capitol-hill/ /locations/wa/seattle/kitanda-espresso-acai-capitol-hill/ 301
/shops/caffe-ladro-upper-queen-anne/ /locations/wa/seattle/caffe-ladro-upper-queen-anne/ 301
/shops/caffe-ladro-capitol-hill/ /locations/wa/seattle/caffe-ladro-capitol-hill/ 301
/shops/eastlake-coffee-cafe/ /locations/wa/seattle/eastlake-coffee-cafe/ 301
/shops/caffe-ladro-fremont/ /locations/wa/seattle/caffe-ladro-fremont/ 301
/shops/mas-cafe/ /locations/wa/seattle/mas-cafe/ 301
/shops/musashi-newsroom-coffee-sushi/ /locations/wa/seattle/musashi-newsroom-coffee-sushi/ 301
/shops/cafe-bambino/ /locations/wa/seattle/cafe-bambino/ 301
/shops/kitanda-espresso-acai-u-district/ /locations/wa/seattle/kitanda-espresso-acai-u-district/ 301
/shops/makeda-mingus/ /locations/wa/seattle/makeda-mingus/ 301
/shops/cafe-lulu/ /locations/wa/seattle/cafe-lulu/ 301
/shops/caffe-ladro-ravenna/ /locations/wa/seattle/caffe-ladro-ravenna/ 301
/shops/kitanda-espesso-acai-greenlake/ /locations/wa/seattle/kitanda-espesso-acai-greenlake/ 301
/shops/armistice-coffee-roaster-roosevelt/ /locations/wa/seattle/armistice-coffee-roaster-roosevelt/ 301
/shops/chocolati-cafe-green-lake/ /locations/wa/seattle/chocolati-cafe-green-lake/ 301
/shops/cafe-javasti-maple-leaf/ /locations/wa/seattle/cafe-javasti-maple-leaf/ 301
/shops/pilgrim-coffeehouse-nora/ /locations/wa/seattle/pilgrim-coffeehouse-nora/ 301
/shops/blue-saucer-cafe/ /locations/wa/seattle/blue-saucer-cafe/ 301
/shops/the-living-room-cafe/ /locations/wa/seattle/the-living-room-cafe/ 301
/shops/jewel-box-cafe/ /locations/wa/seattle/jewel-box-cafe/ 301
/shops/cafe-javasti-wedgwood/ /locations/wa/seattle/cafe-javasti-wedgwood/ 301
/shops/square-demo-test/ /locations/wa/seattle/square-demo-test/ 301
/cities/puyallup/ /locations/wa/puyallup/ 301
/shops/anthem-coffee-tea-pioneer-park/ /locations/wa/puyallup/anthem-coffee-tea-pioneer-park/ 301
/shops/dulce-café/ /locations/wa/puyallup/dulce-café/ 301
/shops/holiday-cafe/ /locations/wa/puyallup/holiday-cafe/ 301
/shops/bean-hut-espresso-agriplex/ /locations/wa/puyallup/bean-hut-espresso-agriplex/ 301
/shops/southern-charm-espresso-puyallup/ /locations/wa/puyallup/southern-charm-espresso-puyallup/ 301
/shops/anthem-coffee-tea-medical/ /locations/wa/puyallup/anthem-coffee-tea-medical/ 301
/shops/anthem-coffee-tea-village/ /locations/wa/puyallup/anthem-coffee-tea-village/ 301
/cities/auburn/ /locations/wa/auburn/ 301
/shops/zolas-cafe/ /locations/wa/auburn/zolas-cafe/ 301
/cities/tukwila/ /locations/wa/tukwila/ 301
/shops/kitanda-espresso-acai-southcenter-mall/ /locations/wa/tukwila/kitanda-espresso-acai-southcenter-mall/ 301
/cities/kent/ /locations/wa/kent/ 301
/shops/mighty-mugs-coffee-kentvalley/ /locations/wa/kent/mighty-mugs-coffee-kentvalley/ 301
/shops/rivers-edge-at-the-river/ /locations/wa/kent/rivers-edge-at-the-river/ 301
/cities/renton/ /locations/wa/renton/ 301
/shops/mighty-mugs-coffee-renton/ /locations/wa/renton/mighty-mugs-coffee-renton/ 301
/cities/bonney-lake/ /locations/wa/bonney-lake/ 301
/shops/better-days-drink-bonney-lake/ /locations/wa/bonney-lake/better-days-drink-bonney-lake/ 301
/cities/olympia/ /locations/wa/olympia/ 301
/shops/pawsific-northwest-cat-cafe/ /locations/wa/olympia/pawsific-northwest-cat-cafe/ 301
/shops/fika-kaffe/ /locations/wa/olympia/fika-kaffe/ 301
/cities/newcastle/ /locations/wa/newcastle/ 301
/shops/coal-creek-coffee/ /locations/wa/newcastle/coal-creek-coffee/ 301
/cities/bellevue/ /locations/wa/bellevue/ 301
/shops/caffe-ladro-bellevue/ /locations/wa/bellevue/caffe-ladro-bellevue/ 301
/shops/amore-coffee-drive-thru/ /locations/wa/bellevue/amore-coffee-drive-thru/ 301
/cities/clyde-hill/ /locations/wa/clyde-hill/ 301
/shops/queen-bee-cafe-clyde-hill/ /locations/wa/clyde-hill/queen-bee-cafe-clyde-hill/ 301
/cities/roy/ /locations/wa/roy/ 301
/shops/worthy-coffee-co/ /locations/wa/roy/worthy-coffee-co/ 301
/cities/yelm/ /locations/wa/yelm/ 301
/shops/the-shiplap-shop-and-coffee-house/ /locations/wa/yelm/the-shiplap-shop-and-coffee-house/ 301
/cities/issaquah/ /locations/wa/issaquah/ 301
/shops/issaquah-coffee-company/ /locations/wa/issaquah/issaquah-coffee-company/ 301
/shops/caffe-ladro-issaquah-highlands/ /locations/wa/issaquah/caffe-ladro-issaquah-highlands/ 301
/cities/kirkland/ /locations/wa/kirkland/ 301
/shops/caffe-ladro-kirkland-urban/ /locations/wa/kirkland/caffe-ladro-kirkland-urban/ 301
/shops/urban-coffee-lounge-juanita-village/ /locations/wa/kirkland/urban-coffee-lounge-juanita-village/ 301
/shops/the-art-of-coffee/ /locations/wa/kirkland/the-art-of-coffee/ 301
/shops/kitanda-coffee-and-acai-kirkland/ /locations/wa/kirkland/kitanda-coffee-and-acai-kirkland/ 301
/cities/redmond/ /locations/wa/redmond/ 301
/shops/down-pour-coffee-bar/ /locations/wa/redmond/down-pour-coffee-bar/ 301
/shops/kitanda-espresso-acai-redmond/ /locations/wa/redmond/kitanda-espresso-acai-redmond/ 301
/shops/river-trail-roasters/ /locations/wa/redmond/river-trail-roasters/ 301
/cities/shoreline/ /locations/wa/shoreline/ 301
/shops/kitanda-espresso-and-acai-shoreline/ /locations/wa/shoreline/kitanda-espresso-and-acai-shoreline/ 301
/cities/bothell/ /locations/wa/bothell/ 301
/shops/eastside-church/ /locations/wa/bothell/eastside-church/ 301
/shops/daily-grind-bothell/ /locations/wa/bothell/daily-grind-bothell/ 301
/shops/caffe-ladro-bothell/ /locations/wa/bothell/caffe-ladro-bothell/ 301
/shops/cultures-coffee-house/ /locations/wa/bothell/cultures-coffee-house/ 301
/cities/edmonds/ /locations/wa/edmonds/ 301
/shops/caffe-ladro-edmonds/ /locations/wa/edmonds/caffe-ladro-edmonds/ 301
/cities/lynnwood/ /locations/wa/lynnwood/ 301
/shops/caffe-ladro-lynnwood/ /locations/wa/lynnwood/caffe-ladro-lynnwood/ 301
/shops/kitanda-lynnwood-alderwood-mall/ /locations/wa/lynnwood/kitanda-lynnwood-alderwood-mall/ 301
/cities/snohomish/ /locations/wa/snohomish/ 301
/shops/diedrich-espresso-clearview/ /locations/wa/snohomish/diedrich-espresso-clearview/ 301
/shops/jennys-express-java/ /locations/wa/snohomish/jennys-express-java/ 301
/cities/mccleary/ /locations/wa/mccleary/ 301
/shops/the-coffee-shop-wa/ /locations/wa/mccleary/the-coffee-shop-wa/ 301
/cities/everett/ /locations/wa/everett/ 301
/shops/diedrich-espresso-128th/ /locations/wa/everett/diedrich-espresso-128th/ 301
/shops/cafe-diedrich/ /locations/wa/everett/cafe-diedrich/ 301
/shops/catalyst-café/ /locations/wa/everett/catalyst-café/ 301
/shops/diedrich-espresso-20th/ /locations/wa/everett/diedrich-espresso-20th/ 301
/shops/diedrich-espresso-16th/ /locations/wa/everett/diedrich-espresso-16th/ 301
/cities/mill-creek/ /locations/wa/mill-creek/ 301
/shops/diedrich-espresso-mill-creek/ /locations/wa/mill-creek/diedrich-espresso-mill-creek/ 301
/cities/centralia/ /locations/wa/centralia/ 301
/shops/lc-coffee-pearl-street/ /locations/wa/centralia/lc-coffee-pearl-street/ 301
/shops/lc-coffee-the-station/ /locations/wa/centralia/lc-coffee-the-station/ 301
/shops/lc-coffee-tower-avenue/ /locations/wa/centralia/lc-coffee-tower-avenue/ 301
/shops/lc-coffee-providence-hospital/ /locations/wa/centralia/lc-coffee-providence-hospital/ 301
/shops/lc-coffee-the-creamery/ /locations/wa/centralia/lc-coffee-the-creamery/ 301
/cities/elma/ /locations/wa/elma/ 301
/shops/kaleidoscope-coffee-and-boba/ /locations/wa/elma/kaleidoscope-coffee-and-boba/ 301
/cities/port-hadlock-irondale/ /locations/wa/port-hadlock-irondale/ 301
/shops/easy-times-espresso/ /locations/wa/port-hadlock-irondale/easy-times-espresso/ 301
/cities/chehalis/ /locations/wa/chehalis/ 301
/shops/lc-coffee-state-avenue/ /locations/wa/chehalis/lc-coffee-state-avenue/ 301
/shops/lc-coffee-jackson-highway/ /locations/wa/chehalis/lc-coffee-jackson-highway/ 301
/shops/lc-coffee-industrial-park-bishop/ /locations/wa/chehalis/lc-coffee-industrial-park-bishop/ 301
/shops/lc-coffee-highway-12/ /locations/wa/chehalis/lc-coffee-highway-12/ 301
/cities/port-townsend/ /locations/wa/port-townsend/ 301
/shops/the-nest/ /locations/wa/port-townsend/the-nest/ 301
/cities/winlock/ /locations/wa/winlock/ 301
/shops/rooster-roast/ /locations/wa/winlock/rooster-roast/ 301
/cities/port-angeles/ /locations/wa/port-angeles/ 301
/shops/fogtown-coffee-bar/ /locations/wa/port-angeles/fogtown-coffee-bar/ 301
/cities/oak-harbor/ /locations/wa/oak-harbor/ 301
/shops/diedrich-espresso-oak-harbor/ /locations/wa/oak-harbor/diedrich-espresso-oak-harbor/ 301
/cities/south-bend/ /locations/wa/south-bend/ 301
/shops/the-cove-coffee-company/ /locations/wa/south-bend/the-cove-coffee-company/ 301
/cities/roslyn/ /locations/wa/roslyn/ 301
/shops/roslyn-coffee-company/ /locations/wa/roslyn/roslyn-coffee-company/ 301
/cities/burlington/ /locations/wa/burlington/ 301
/shops/diedrich-espresso-burlington-blvd/ /locations/wa/burlington/diedrich-espresso-burlington-blvd/ 301
/shops/diedrich-espresso-burlington-99/ /locations/wa/burlington/diedrich-espresso-burlington-99/ 301
/cities/anacortes/ /locations/wa/anacortes/ 301
/shops/diedrich-espresso-anacortes/ /locations/wa/anacortes/diedrich-espresso-anacortes/ 301
/cities/sedro-woolley/ /locations/wa/sedro-woolley/ 301
/shops/diedrich-espresso-sedro-woolley-hwy-20/ /locations/wa/sedro-woolley/diedrich-espresso-sedro-woolley-hwy-20/ 301
/cities/sedro-woolley/ /locations/wa/sedro-woolley/ 301
/shops/diedrich-espresso-sedro-woolley-on-cook-rd/ /locations/wa/sedro-woolley/diedrich-espresso-sedro-woolley-on-cook-rd/ 301
/shops/diedrich-espresso-sedro-woolley-moore-st/ /locations/wa/sedro-woolley/diedrich-espresso-sedro-woolley-moore-st/ 301
/cities/leavenworth/ /locations/wa/leavenworth/ 301
/shops/j5-coffee/ /locations/wa/leavenworth/j5-coffee/ 301
/cities/cashmere/ /locations/wa/cashmere/ 301
/shops/gaucho-coffee-company/ /locations/wa/cashmere/gaucho-coffee-company/ 301
/cities/wenatchee/ /locations/wa/wenatchee/ 301
/shops/cafe-columbia/ /locations/wa/wenatchee/cafe-columbia/ 301
/cities/yakima/ /locations/wa/yakima/ 301
/shops/catalyst-coffee/ /locations/wa/yakima/catalyst-coffee/ 301
/cities/blaine/ /locations/wa/blaine/ 301
/shops/blackbird-coffee/ /locations/wa/blaine/blackbird-coffee/ 301
/cities/vancouver/ /locations/wa/vancouver/ 301
/shops/creed-coffee-co-organic-coffee/ /locations/wa/vancouver/creed-coffee-co-organic-coffee/ 301
/cities/camas/ /locations/wa/camas/ 301
/shops/hidden-river-coffee-roasters/ /locations/wa/camas/hidden-river-coffee-roasters/ 301
/cities/quincy/ /locations/wa/quincy/ 301
/shops/love-a-latte/ /locations/wa/quincy/love-a-latte/ 301
/cities/sunnyside/ /locations/wa/sunnyside/ 301
/shops/catalinas-coffee-cocktails/ /locations/wa/sunnyside/catalinas-coffee-cocktails/ 301
/shops/the-daily-buzz/ /locations/wa/sunnyside/the-daily-buzz/ 301
/cities/okanogan/ /locations/wa/okanogan/ 301
/shops/free-bird-espresso/ /locations/wa/okanogan/free-bird-espresso/ 301
/cities/omak/ /locations/wa/omak/ 301
/shops/pumphouse-coffee/ /locations/wa/omak/pumphouse-coffee/ 301
/cities/othello/ /locations/wa/othello/ 301
/shops/tropical-express-othello/ /locations/wa/othello/tropical-express-othello/ 301
/cities/mesa/ /locations/wa/mesa/ 301
/shops/509-coffee-co/ /locations/wa/mesa/509-coffee-co/ 301
/cities/paterson/ /locations/wa/paterson/ 301
/shops/farm-grounds-coffee-paterson/ /locations/wa/paterson/farm-grounds-coffee-paterson/ 301
/cities/richland/ /locations/wa/richland/ 301
/shops/ethos-bakery/ /locations/wa/richland/ethos-bakery/ 301
/shops/novel-coffee-and-teas/ /locations/wa/richland/novel-coffee-and-teas/ 301
/shops/ethos-bakery-in-the-parkway/ /locations/wa/richland/ethos-bakery-in-the-parkway/ 301
/cities/tonasket/ /locations/wa/tonasket/ 301
/shops/bellos-brew/ /locations/wa/tonasket/bellos-brew/ 301
/shops/beanadiction/ /locations/wa/tonasket/beanadiction/ 301
/cities/kennewick/ /locations/wa/kennewick/ 301
/shops/flying-x-coffee/ /locations/wa/kennewick/flying-x-coffee/ 301
/shops/tropical-express-kennewick-1derful-food-park/ /locations/wa/kennewick/tropical-express-kennewick-1derful-food-park/ 301
/shops/tropical-express-kennewick/ /locations/wa/kennewick/tropical-express-kennewick/ 301
/cities/pasco/ /locations/wa/pasco/ 301
/shops/blackbird-espresso/ /locations/wa/pasco/blackbird-espresso/ 301
/shops/cafe-con-arte-kennewick-mall/ /locations/wa/pasco/cafe-con-arte-kennewick-mall/ 301
/shops/cafe-con-arte-downtown-pasco/ /locations/wa/pasco/cafe-con-arte-downtown-pasco/ 301
/cities/fairchild-afb/ /locations/wa/fairchild-afb/ 301
/shops/thomas-hammer-coffee-fairchild/ /locations/wa/fairchild-afb/thomas-hammer-coffee-fairchild/ 301
/cities/cheney/ /locations/wa/cheney/ 301
/shops/thomas-hammer-coffee-eastern-washington-university/ /locations/wa/cheney/thomas-hammer-coffee-eastern-washington-university/ 301
/cities/chewelah/ /locations/wa/chewelah/ 301
/shops/the-yale-press/ /locations/wa/chewelah/the-yale-press/ 301
/cities/spokane/ /locations/wa/spokane/ 301
/shops/brew-peddler-farmers-market/ /locations/wa/spokane/brew-peddler-farmers-market/ 301
/shops/ladder-coffee-roasters-riverside/ /locations/wa/spokane/ladder-coffee-roasters-riverside/ 301
/shops/indaba-broadway/ /locations/wa/spokane/indaba-broadway/ 301
/shops/indaba-summit/ /locations/wa/spokane/indaba-summit/ 301
/shops/thomas-hammer-coffee-multicare-deaconess-hospital/ /locations/wa/spokane/thomas-hammer-coffee-multicare-deaconess-hospital/ 301
/shops/ladder-coffee-monroe/ /locations/wa/spokane/ladder-coffee-monroe/ 301
/shops/thomas-hammer-coffee-uwgu-partnership/ /locations/wa/spokane/thomas-hammer-coffee-uwgu-partnership/ 301
/shops/indaba-monroe/ /locations/wa/spokane/indaba-monroe/ 301
/shops/thomas-hammer-coffee-downtown-spokane/ /locations/wa/spokane/thomas-hammer-coffee-downtown-spokane/ 301
/shops/thomas-hammer-washington-trust/ /locations/wa/spokane/thomas-hammer-washington-trust/ 301
/shops/pitotti-coffee-roasters/ /locations/wa/spokane/pitotti-coffee-roasters/ 301
/shops/indaba-riverside/ /locations/wa/spokane/indaba-riverside/ 301
/shops/thomas-hammer-coffee-shmc-west-tower/ /locations/wa/spokane/thomas-hammer-coffee-shmc-west-tower/ 301
/shops/thomas-hammer-coffee-sacred-heart-medical-center/ /locations/wa/spokane/thomas-hammer-coffee-sacred-heart-medical-center/ 301
/shops/thomas-hammer-coffee-fairwood/ /locations/wa/spokane/thomas-hammer-coffee-fairwood/ 301
/shops/thomas-hammer-coffee-rockwood-clinic-main/ /locations/wa/spokane/thomas-hammer-coffee-rockwood-clinic-main/ 301
/shops/thomas-hammer-coffee-northtown-mall/ /locations/wa/spokane/thomas-hammer-coffee-northtown-mall/ 301
/shops/thomas-hammer-coffee-ltd-on-grand/ /locations/wa/spokane/thomas-hammer-coffee-ltd-on-grand/ 301
/shops/brew-peddler/ /locations/wa/spokane/brew-peddler/ 301
/shops/thomas-hammer-coffee-gonzaga-university/ /locations/wa/spokane/thomas-hammer-coffee-gonzaga-university/ 301
/shops/arctos-coffee-and-roasting-co/ /locations/wa/spokane/arctos-coffee-and-roasting-co/ 301
/shops/carls-coffee/ /locations/wa/spokane/carls-coffee/ 301
/shops/revel-77-coffee/ /locations/wa/spokane/revel-77-coffee/ 301
/cities/deer-park/ /locations/wa/deer-park/ 301
/shops/lofty-skies-coffee-co/ /locations/wa/deer-park/lofty-skies-coffee-co/ 301
/cities/spokane-valley/ /locations/wa/spokane-valley/ 301
/shops/thomas-hammer-coffee-spokane-valley-east-sprague/ /locations/wa/spokane-valley/thomas-hammer-coffee-spokane-valley-east-sprague/ 301
/shops/mandala-chai-coffee-co/ /locations/wa/spokane-valley/mandala-chai-coffee-co/ 301
/shops/ladder-coffee-valley/ /locations/wa/spokane-valley/ladder-coffee-valley/ 301
/shops/4-seasons-coffee-roasters/ /locations/wa/spokane-valley/4-seasons-coffee-roasters/ 301
/shops/thomas-hammer-coffee-spokane-valley-mall/ /locations/wa/spokane-valley/thomas-hammer-coffee-spokane-valley-mall/ 301
/shops/thomas-hammer-coffee-providence-valley-medical-center/ /locations/wa/spokane-valley/thomas-hammer-coffee-providence-valley-medical-center/ 301
/cities/liberty-lake/ /locations/wa/liberty-lake/ 301
/shops/bocopop/ /locations/wa/liberty-lake/bocopop/ 301
/cities/pullman/ /locations/wa/pullman/ 301
/shops/the-well-coffeehouse-pullman/ /locations/wa/pullman/the-well-coffeehouse-pullman/ 301
/cities/metaline-falls/ /locations/wa/metaline-falls/ 301
/shops/the-farmhouse-cafe/ /locations/wa/metaline-falls/the-farmhouse-cafe/ 301
/cities/st-croix-falls/ /locations/wi/st-croix-falls/ 301
/shops/3-arrows-coffee-company/ /locations/wi/st-croix-falls/3-arrows-coffee-company/ 301
/cities/new-richmond/ /locations/wi/new-richmond/ 301
/shops/table-65-bistro-and-gelato-cafe/ /locations/wi/new-richmond/table-65-bistro-and-gelato-cafe/ 301
/cities/richland-center/ /locations/wi/richland-center/ 301
/shops/kellys-coffee-house/ /locations/wi/richland-center/kellys-coffee-house/ 301
/cities/platteville/ /locations/wi/platteville/ 301
/shops/badger-brothers-coffee/ /locations/wi/platteville/badger-brothers-coffee/ 301
/cities/antigo/ /locations/wi/antigo/ 301
/shops/auntie-es-sweet-thyme/ /locations/wi/antigo/auntie-es-sweet-thyme/ 301
/shops/the-luncheonette-at-the-green-hen-natural-living-market/ /locations/wi/antigo/the-luncheonette-at-the-green-hen-natural-living-market/ 301
/cities/mount-horeb/ /locations/wi/mount-horeb/ 301
/shops/badger-brothers-mount-horeb/ /locations/wi/mount-horeb/badger-brothers-mount-horeb/ 301
/cities/lakewood/ /locations/wi/lakewood/ 301
/shops/northern-perks-coffee-shop/ /locations/wi/lakewood/northern-perks-coffee-shop/ 301
/cities/edgerton/ /locations/wi/edgerton/ 301
/shops/the-coffee-depot/ /locations/wi/edgerton/the-coffee-depot/ 301
/cities/green-bay/ /locations/wi/green-bay/ 301
/shops/lajava-roasting-house-cardinal/ /locations/wi/green-bay/lajava-roasting-house-cardinal/ 301
/shops/lajava-roasting-house-mason/ /locations/wi/green-bay/lajava-roasting-house-mason/ 301
/shops/lajava-roasting-house-velp/ /locations/wi/green-bay/lajava-roasting-house-velp/ 301
/cities/milton/ /locations/wi/milton/ 301
/shops/sharlas-coffee-stop/ /locations/wi/milton/sharlas-coffee-stop/ 301
/cities/casper/ /locations/wy/casper/ 301
/shops/crooked-creek-coffee/ /locations/wy/casper/crooked-creek-coffee/ 301

# =============================================================================
# MAIN HUBSPOT PAGES - Old site URLs to new site structure
# =============================================================================

# Product/Platform Pages
/point-of-sale                                /for-coffee-shops/             301
/point-of-sale/                               /for-coffee-shops/             301
/point-of-sale?hsLang=en                      /for-coffee-shops/             301

# Pricing
/pricing                                      /pricing/                      301
/pricing?hsLang=en                            /pricing/                      301

# About Us / Why Joe
/why-joe                                      /about/                        301
/why-joe/                                     /about/                        301
/why-joe?hsLang=en                            /about/                        301

# Get Started / Demo / Join
/get-started                                  /for-coffee-shops/#join        301
/get-started/                                 /for-coffee-shops/#join        301
/get-started?hsLang=en                        /for-coffee-shops/#join        301

# Terms & Privacy (combined page with privacy as anchor)
/terms-of-service-privacy-policy              /terms/                        301
/terms-of-service-privacy-policy/             /terms/                        301
/terms-of-service-privacy-policy?hsLang=en    /terms/                        301

# Privacy Policy direct link
/privacy-policy                               /terms/#privacy-policy         301
/privacy                                      /terms/#privacy-policy         301

# Merchant Terms
/merchant-tos                                 /merchant-terms/               301
/merchant-tos/                                /merchant-terms/               301
/merchant-tos?hsLang=en                       /merchant-terms/               301

# =============================================================================
# APP DOWNLOAD SHORTCUTS
# =============================================================================
/download                                     https://get.joe.coffee         301
/download/                                    https://get.joe.coffee         301
/app                                          https://get.joe.coffee         301
/app/                                         https://get.joe.coffee         301
/get-app                                      https://get.joe.coffee         301
/get-app/                                     https://get.joe.coffee         301

# =============================================================================
# HUBSPOT QUERY PARAMETER CLEANUP (catch variations)
# =============================================================================
/testimonials?hsLang=en                       /testimonials/                 301
/blog?hsLang=en                               /blog/                         301

# =============================================================================
# LETTER FROM FOUNDERS (if exists on blog)
# =============================================================================
/blog/letter-from-the-founders                /blog/posts/letter-from-the-founders/ 301
/letter-from-the-founders                     /blog/posts/letter-from-the-founders/ 301

# =============================================================================
# ZILLOW FOR COFFEE - Dynamic Location Pages
/api/claim /.netlify/functions/claim-listing 200
/api/track /.netlify/functions/track-activity 200

# CATCH-ALL (must be last)
# =============================================================================

# =============================================================================
# ZILLOW FOR COFFEE - Dynamic Location Pages
# =============================================================================
/api/claim /.netlify/functions/claim-listing 200
/api/track /.netlify/functions/track-activity 200

