{"processedAreas":["Williamsburg, Brooklyn","Bushwick, Brooklyn","Park Slope, Brooklyn","Greenpoint, Brooklyn","Cobble Hill, Brooklyn","DUMBO, Brooklyn","Bedford-Stuyvesant, Brooklyn","Crown Heights, Brooklyn","Prospect Heights, Brooklyn","Red Hook, Brooklyn","Fort Greene, Brooklyn","Clinton Hill, Brooklyn","Astoria, Queens","Long Island City, Queens","Ridgewood, Queens","Jackson Heights, Queens","Flushing, Queens","Lower East Side, Manhattan","East Village, Manhattan","West Village, Manhattan","Greenwich Village, Manhattan","SoHo, Manhattan","Tribeca, Manhattan","NoHo, Manhattan","Nolita, Manhattan","Chinatown, Manhattan","Chelsea, Manhattan","Flatiron, Manhattan","Gramercy, Manhattan","Murray Hill, Manhattan","Midtown East, Manhattan","Midtown West, Manhattan","Hell's Kitchen, Manhattan","Upper West Side, Manhattan","Upper East Side, Manhattan","Harlem, Manhattan","Washington Heights, Manhattan","Inwood, Manhattan","South Bronx","Riverdale, Bronx","St. George, Staten Island","Silver Lake, Los Angeles","Echo Park, Los Angeles","Los Feliz, Los Angeles","Highland Park, Los Angeles","Eagle Rock, Los Angeles","Atwater Village, Los Angeles","Koreatown, Los Angeles","Arts District, Los Angeles","Downtown Los Angeles","Little Tokyo, Los Angeles","Chinatown, Los Angeles","Venice, Los Angeles","Mar Vista, Los Angeles","Culver City","West Hollywood","Beverly Grove, Los Angeles","Fairfax District, Los Angeles","Melrose, Los Angeles","Larchmont, Los Angeles","Los Angeles, Miracle Mile","Mid-Wilshire, Los Angeles","Westwood, Los Angeles","Brentwood, Los Angeles","Pacific Palisades","Santa Monica","Malibu","Manhattan Beach","Hermosa Beach","Redondo Beach","El Segundo","Playa Vista","Playa del Rey","Pasadena Old Town","South Pasadena","Glendale","Burbank","Studio City","Sherman Oaks","Encino","Tarzana","Woodland Hills","Calabasas","Mission District, San Francisco","Castro, San Francisco","Hayes Valley, San Francisco","Noe Valley, San Francisco","Potrero Hill, San Francisco","Dogpatch, San Francisco","SoMa, San Francisco","Financial District, San Francisco","North Beach, San Francisco","Chinatown, San Francisco","Marina District, San Francisco","Cow Hollow, San Francisco","Pacific Heights, San Francisco","Russian Hill, San Francisco","Nob Hill, San Francisco","Inner Sunset, San Francisco","Outer Sunset, San Francisco","Inner Richmond, San Francisco","Outer Richmond, San Francisco","Haight-Ashbury, San Francisco","Cole Valley, San Francisco","Glen Park, San Francisco","Bernal Heights, San Francisco","Temescal, Oakland","Rockridge, Oakland","Piedmont Avenue, Oakland","Jack London Square, Oakland","Grand Lake, Oakland","Uptown Oakland","Downtown Berkeley","North Berkeley","Elmwood, Berkeley","Wicker Park, Chicago","Bucktown, Chicago","Logan Square, Chicago","Humboldt Park, Chicago","Ukrainian Village, Chicago","West Town, Chicago","River North, Chicago","Streeterville, Chicago","Gold Coast, Chicago","Old Town, Chicago","Lincoln Park, Chicago","Lakeview, Chicago","Boystown, Chicago","Roscoe Village, Chicago","North Center, Chicago","Ravenswood, Chicago","Andersonville, Chicago","Edgewater, Chicago","Rogers Park, Chicago","Uptown, Chicago","Albany Park, Chicago","Irving Park, Chicago","Avondale, Chicago","Pilsen, Chicago","Bridgeport, Chicago","Hyde Park, Chicago","South Loop, Chicago","West Loop, Chicago","Fulton Market, Chicago","Capitol Hill, Seattle","Fremont, Seattle","Ballard, Seattle","Wallingford, Seattle","Green Lake, Seattle","University District, Seattle","Roosevelt, Seattle","Ravenna, Seattle","Wedgwood, Seattle","Greenwood, Seattle","Phinney Ridge, Seattle","Queen Anne, Seattle","Magnolia, Seattle","Belltown, Seattle","Downtown Seattle","Pioneer Square, Seattle","International District, Seattle","SoDo, Seattle","Georgetown, Seattle","Columbia City, Seattle","Beacon Hill, Seattle","Central District, Seattle","Madison Valley, Seattle","Madrona, Seattle","Leschi, Seattle","West Seattle","White Center, Seattle","Pearl District, Portland","Northwest Portland","Nob Hill, Portland","Alberta Arts District, Portland","Mississippi District, Portland","Williams District, Portland","Hawthorne, Portland","Division Street, Portland","Belmont, Portland","Sellwood, Portland","St Johns, Portland","Kenton, Portland","Montavilla, Portland","Foster-Powell, Portland","Woodstock, Portland","Hollywood District, Portland","Irvington, Portland","Lloyd District, Portland","Downtown Portland","South Congress, Austin","East Austin","East 6th Street, Austin","Rainey Street, Austin","Downtown Austin","Hyde Park, Austin","North Loop, Austin","Mueller, Austin","Domain, Austin","South Lamar, Austin","Zilker, Austin","Barton Springs, Austin","Clarksville, Austin","Tarrytown, Austin","West Campus, Austin","UT Austin area","RiNo, Denver","LoHi, Denver","LoDo, Denver","Capitol Hill, Denver","Cheesman Park, Denver","City Park, Denver","Highlands, Denver","Sunnyside, Denver","Berkeley, Denver","Tennyson Street, Denver","South Broadway, Denver","Baker, Denver","Washington Park, Denver","Cherry Creek, Denver","Platt Park, Denver","Congress Park, Denver","Back Bay, Boston","South End, Boston","Beacon Hill, Boston","North End, Boston","Seaport District, Boston","Downtown Boston","Financial District, Boston","Fenway, Boston","Jamaica Plain, Boston","Brookline","Coolidge Corner, Brookline","Cambridge","Harvard Square, Cambridge","Central Square, Cambridge","Kendall Square, Cambridge","Porter Square, Cambridge","Inman Square, Cambridge","Somerville","Davis Square, Somerville","Union Square, Somerville","Rittenhouse Square, Philadelphia","Center City, Philadelphia","Old City, Philadelphia","Northern Liberties, Philadelphia","Fishtown, Philadelphia","Kensington, Philadelphia","Queen Village, Philadelphia","Passyunk, Philadelphia","Graduate Hospital, Philadelphia","University City, Philadelphia","Manayunk, Philadelphia","Chestnut Hill, Philadelphia","Mt Airy, Philadelphia","Georgetown, Washington DC","Dupont Circle, Washington DC","Adams Morgan, Washington DC","U Street, Washington DC","Shaw, Washington DC","Logan Circle, Washington DC","Capitol Hill, Washington DC","Eastern Market, Washington DC","H Street, Washington DC","Navy Yard, Washington DC","Penn Quarter, Washington DC","Chinatown, Washington DC","Columbia Heights, Washington DC","Petworth, Washington DC","Brookland, Washington DC","14th Street, Washington DC","Wynwood, Miami","Design District, Miami","Brickell, Miami","Downtown Miami","Little Havana, Miami","Coconut Grove, Miami","Coral Gables","South Beach, Miami Beach","North Beach, Miami Beach","Mid-Beach, Miami Beach","Midtown Atlanta","Inman Park, Atlanta","Little Five Points, Atlanta","Virginia-Highland, Atlanta","Poncey-Highland, Atlanta","Old Fourth Ward, Atlanta","East Atlanta Village","Grant Park, Atlanta","Decatur","Westside Atlanta","West Midtown, Atlanta","Buckhead, Atlanta","East Nashville","12 South, Nashville","The Gulch, Nashville","Germantown, Nashville","Marathon Village, Nashville","Hillsboro Village, Nashville","Berry Hill, Nashville","Wedgewood-Houston, Nashville","Downtown Nashville","Sylvan Park, Nashville","North Loop, Minneapolis","Northeast Minneapolis","Uptown, Minneapolis","Lyn-Lake, Minneapolis","Loring Park, Minneapolis","Downtown Minneapolis","Dinkytown, Minneapolis","St Paul","Grand Avenue, St Paul","Cathedral Hill, St Paul"],"stats":{"processed":313,"added":0,"skipped":0,"errors":0}}