{"processedCities":["Capitola, CA","Pacific Grove, CA","Mill Valley, CA","Sausalito, CA","Tiburon, CA","Los Gatos, CA","Carmel-by-the-Sea, CA","Solvang, CA","Ojai, CA","Sebastopol, CA","Healdsburg, CA","St Helena, CA","Sonoma, CA","Fairfax, CA","San Anselmo, CA","Larkspur, CA","Ashland, OR","Hood River, OR","Cannon Beach, OR","Astoria, OR","Florence, OR","Bandon, OR","Sisters, OR","Leavenworth, WA","Port Townsend, WA","Sequim, WA","Langley, WA","Friday Harbor, WA","La Conner, WA","Poulsbo, WA","Gig Harbor, WA","Winthrop, WA","Telluride, CO","Crested Butte, CO","Breckenridge, CO","Vail, CO","Aspen, CO","Steamboat Springs, CO","Durango, CO","Salida, CO","Buena Vista, CO","Manitou Springs, CO","Nederland, CO","Lyons, CO","Louisville, CO","Lafayette, CO","Erie, CO","Park City, UT","Moab, UT","Springdale, UT","Jackson, WY","Whitefish, MT","Bozeman, MT","Missoula, MT","Helena, MT","Sandpoint, ID","McCall, ID","Ketchum, ID","Sun Valley, ID","Sedona, AZ","Bisbee, AZ","Jerome, AZ","Tubac, AZ","Taos, NM","Las Vegas, NM","Silver City, NM","Truth or Consequences, NM","Madrid, NM","Marfa, TX","Fredericksburg, TX","Wimberley, TX","Dripping Springs, TX","Gruene, TX","Boerne, TX","Rockport, TX","Port Aransas, TX","South Padre Island, TX","Granbury, TX","Asheville, NC","Blowing Rock, NC","Brevard, NC","Black Mountain, NC","Beaufort, NC","Beaufort, SC","Folly Beach, SC","Isle of Palms, SC","Fernandina Beach, FL","Apalachicola, FL","Cedar Key, FL","Mount Dora, FL","Dunedin, FL","Gulfport, FL","St Augustine Beach, FL","Savannah, GA","Tybee Island, GA","St Simons Island, GA","Dahlonega, GA","Blue Ridge, GA","Helen, GA","Madison, GA","Oxford, MS","Ocean Springs, MS","Bay St Louis, MS","Fairhope, AL","Gulf Shores, AL","Orange Beach, AL","Gatlinburg, TN","Pigeon Forge, TN","Jonesborough, TN","Northampton, MA","Amherst, MA","Provincetown, MA","Chatham, MA","Nantucket, MA","Marthas Vineyard, MA","Newport, RI","Narragansett, RI","Westerly, RI","Mystic, CT","Essex, CT","Stowe, VT","Burlington, VT","Woodstock, VT","Manchester, VT","Brattleboro, VT","Bennington, VT","Montpelier, VT","Portsmouth, NH","Hanover, NH","North Conway, NH","Kennebunkport, ME","Camden, ME","Bar Harbor, ME","Rockland, ME","Belfast, ME","Brunswick, ME","Freeport, ME","Ogunquit, ME","Rhinebeck, NY","Cold Spring, NY","Beacon, NY","Woodstock, NY","New Paltz, NY","Saugerties, NY","Hudson, NY","Cooperstown, NY","Saratoga Springs, NY","Lake Placid, NY","Lake George, NY","Ithaca, NY","Corning, NY","Canandaigua, NY","Skaneateles, NY","Lewes, DE","Rehoboth Beach, DE","Bethany Beach, DE","Cape May, NJ","Spring Lake, NJ","Red Bank, NJ","Lambertville, NJ","Princeton, NJ","Haddonfield, NJ","Collingswood, NJ","New Hope, PA","Doylestown, PA","Jim Thorpe, PA","Lititz, PA","Gettysburg, PA","Media, PA","Galena, IL","Geneva, IL","St Charles, IL","Naperville, IL","Oak Park, IL","Evanston, IL","Saugatuck, MI","Holland, MI","Traverse City, MI","Petoskey, MI","Charlevoix, MI","Mackinac Island, MI","Marquette, MI","Ann Arbor, MI","Northville, MI","Birmingham, MI","Royal Oak, MI","Door County, WI","Fish Creek, WI","Ephraim, WI","Sister Bay, WI","Cedarburg, WI","Lake Geneva, WI","Spring Green, WI","Baraboo, WI","Bayfield, WI","Stillwater, MN","Excelsior, MN","Red Wing, MN","Northfield, MN","Grand Marais, MN","Ely, MN","Lanesboro, MN","Decorah, IA","Pella, IA","Fairfield, IA","Iowa City, IA","Lawrence, KS","Manhattan, KS","Weston, MO","Hermann, MO","Eureka Springs, AR","Hot Springs, AR","Bentonville, AR","Fayetteville, AR","Athens, GA","Chapel Hill, NC","Charlottesville, VA","Blacksburg, VA","Lexington, VA","State College, PA","Bloomington, IN","Madison, WI","Boulder, CO","Fort Collins, CO","Eugene, OR","Corvallis, OR","Bellingham, WA","Pullman, WA","Moscow, ID","Davis, CA","San Luis Obispo, CA","Santa Cruz, CA","Berkeley, CA"],"stats":{"processed":143,"added":0,"enriched":0,"errors":0}}