[
  {
    "neighborhood": "Lower East Side",
    "metro": "New York",
    "state": "NY"
  },
  {
    "neighborhood": "West Village",
    "metro": "New York",
    "state": "NY"
  },
  {
    "neighborhood": "Greenwich Village",
    "metro": "New York",
    "state": "NY"
  },
  {
    "neighborhood": "SoHo",
    "metro": "New York",
    "state": "NY"
  },
  {
    "neighborhood": "Nolita",
    "metro": "New York",
    "state": "NY"
  },
  {
    "neighborhood": "Chinatown",
    "metro": "New York",
    "state": "NY"
  },
  {
    "neighborhood": "Little Italy",
    "metro": "New York",
    "state": "NY"
  },
  {
    "neighborhood": "Financial District",
    "metro": "New York",
    "state": "NY"
  },
  {
    "neighborhood": "Battery Park City",
    "metro": "New York",
    "state": "NY"
  },
  {
    "neighborhood": "Gramercy",
    "metro": "New York",
    "state": "NY"
  },
  {
    "neighborhood": "Kips Bay",
    "metro": "New York",
    "state": "NY"
  },
  {
    "neighborhood": "Midtown East",
    "metro": "New York",
    "state": "NY"
  },
  {
    "neighborhood": "Midtown West",
    "metro": "New York",
    "state": "NY"
  },
  {
    "neighborhood": "Hell's Kitchen",
    "metro": "New York",
    "state": "NY"
  },
  {
    "neighborhood": "Theater District",
    "metro": "New York",
    "state": "NY"
  },
  {
    "neighborhood": "Columbus Circle",
    "metro": "New York",
    "state": "NY"
  },
  {
    "neighborhood": "Upper West Side",
    "metro": "New York",
    "state": "NY"
  },
  {
    "neighborhood": "Upper East Side",
    "metro": "New York",
    "state": "NY"
  },
  {
    "neighborhood": "Carnegie Hill",
    "metro": "New York",
    "state": "NY"
  },
  {
    "neighborhood": "East Harlem",
    "metro": "New York",
    "state": "NY"
  },
  {
    "neighborhood": "Morningside Heights",
    "metro": "New York",
    "state": "NY"
  },
  {
    "neighborhood": "Washington Heights",
    "metro": "New York",
    "state": "NY"
  },
  {
    "neighborhood": "Park Slope",
    "metro": "New York",
    "state": "NY"
  },
  {
    "neighborhood": "Cobble Hill",
    "metro": "New York",
    "state": "NY"
  },
  {
    "neighborhood": "Carroll Gardens",
    "metro": "New York",
    "state": "NY"
  },
  {
    "neighborhood": "Boerum Hill",
    "metro": "New York",
    "state": "NY"
  },
  {
    "neighborhood": "Brooklyn Heights",
    "metro": "New York",
    "state": "NY"
  },
  {
    "neighborhood": "DUMBO",
    "metro": "New York",
    "state": "NY"
  },
  {
    "neighborhood": "Vinegar Hill",
    "metro": "New York",
    "state": "NY"
  },
  {
    "neighborhood": "Fort Greene",
    "metro": "New York",
    "state": "NY"
  },
  {
    "neighborhood": "Clinton Hill",
    "metro": "New York",
    "state": "NY"
  },
  {
    "neighborhood": "Bed-Stuy",
    "metro": "New York",
    "state": "NY"
  },
  {
    "neighborhood": "Crown Heights",
    "metro": "New York",
    "state": "NY"
  },
  {
    "neighborhood": "Ditmas Park",
    "metro": "New York",
    "state": "NY"
  },
  {
    "neighborhood": "Windsor Terrace",
    "metro": "New York",
    "state": "NY"
  },
  {
    "neighborhood": "Gowanus",
    "metro": "New York",
    "state": "NY"
  },
  {
    "neighborhood": "Bensonhurst",
    "metro": "New York",
    "state": "NY"
  },
  {
    "neighborhood": "Borough Park",
    "metro": "New York",
    "state": "NY"
  },
  {
    "neighborhood": "Brighton Beach",
    "metro": "New York",
    "state": "NY"
  },
  {
    "neighborhood": "Gravesend",
    "metro": "New York",
    "state": "NY"
  },
  {
    "neighborhood": "South Bronx",
    "metro": "New York",
    "state": "NY"
  },
  {
    "neighborhood": "Mott Haven",
    "metro": "New York",
    "state": "NY"
  },
  {
    "neighborhood": "Morrisania",
    "metro": "New York",
    "state": "NY"
  },
  {
    "neighborhood": "Highbridge",
    "metro": "New York",
    "state": "NY"
  },
  {
    "neighborhood": "Bronx Park",
    "metro": "New York",
    "state": "NY"
  },
  {
    "neighborhood": "Pelham Bay",
    "metro": "New York",
    "state": "NY"
  },
  {
    "neighborhood": "Throgs Neck",
    "metro": "New York",
    "state": "NY"
  },
  {
    "neighborhood": "Stapleton",
    "metro": "New York",
    "state": "NY"
  },
  {
    "neighborhood": "Tompkinsville",
    "metro": "New York",
    "state": "NY"
  },
  {
    "neighborhood": "West Brighton",
    "metro": "New York",
    "state": "NY"
  },
  {
    "neighborhood": "Tottenville",
    "metro": "New York",
    "state": "NY"
  },
  {
    "neighborhood": "Great Kills",
    "metro": "New York",
    "state": "NY"
  },
  {
    "neighborhood": "Downtown LA",
    "metro": "Los Angeles",
    "state": "CA"
  },
  {
    "neighborhood": "Arts District",
    "metro": "Los Angeles",
    "state": "CA"
  },
  {
    "neighborhood": "Little Tokyo",
    "metro": "Los Angeles",
    "state": "CA"
  },
  {
    "neighborhood": "Chinatown",
    "metro": "Los Angeles",
    "state": "CA"
  },
  {
    "neighborhood": "Atwater Village",
    "metro": "Los Angeles",
    "state": "CA"
  },
  {
    "neighborhood": "Mid-Wilshire",
    "metro": "Los Angeles",
    "state": "CA"
  },
  {
    "neighborhood": "Hancock Park",
    "metro": "Los Angeles",
    "state": "CA"
  },
  {
    "neighborhood": "Windsor Square",
    "metro": "Los Angeles",
    "state": "CA"
  },
  {
    "neighborhood": "East Hollywood",
    "metro": "Los Angeles",
    "state": "CA"
  },
  {
    "neighborhood": "Thai Town",
    "metro": "Los Angeles",
    "state": "CA"
  },
  {
    "neighborhood": "Little Armenia",
    "metro": "Los Angeles",
    "state": "CA"
  },
  {
    "neighborhood": "Beverly Grove",
    "metro": "Los Angeles",
    "state": "CA"
  },
  {
    "neighborhood": "Mar Vista",
    "metro": "Los Angeles",
    "state": "CA"
  },
  {
    "neighborhood": "Playa Vista",
    "metro": "Los Angeles",
    "state": "CA"
  },
  {
    "neighborhood": "Belmont Shore",
    "metro": "Los Angeles",
    "state": "CA"
  },
  {
    "neighborhood": "Boyle Heights",
    "metro": "Los Angeles",
    "state": "CA"
  },
  {
    "neighborhood": "Lincoln Heights",
    "metro": "Los Angeles",
    "state": "CA"
  },
  {
    "neighborhood": "El Sereno",
    "metro": "Los Angeles",
    "state": "CA"
  },
  {
    "neighborhood": "Leimert Park",
    "metro": "Los Angeles",
    "state": "CA"
  },
  {
    "neighborhood": "Baldwin Hills",
    "metro": "Los Angeles",
    "state": "CA"
  },
  {
    "neighborhood": "The Loop",
    "metro": "Chicago",
    "state": "IL"
  },
  {
    "neighborhood": "River North",
    "metro": "Chicago",
    "state": "IL"
  },
  {
    "neighborhood": "Streeterville",
    "metro": "Chicago",
    "state": "IL"
  },
  {
    "neighborhood": "Gold Coast",
    "metro": "Chicago",
    "state": "IL"
  },
  {
    "neighborhood": "Wrigleyville",
    "metro": "Chicago",
    "state": "IL"
  },
  {
    "neighborhood": "Boystown",
    "metro": "Chicago",
    "state": "IL"
  },
  {
    "neighborhood": "Roscoe Village",
    "metro": "Chicago",
    "state": "IL"
  },
  {
    "neighborhood": "North Center",
    "metro": "Chicago",
    "state": "IL"
  },
  {
    "neighborhood": "Rogers Park",
    "metro": "Chicago",
    "state": "IL"
  },
  {
    "neighborhood": "Wicker Park",
    "metro": "Chicago",
    "state": "IL"
  },
  {
    "neighborhood": "Bucktown",
    "metro": "Chicago",
    "state": "IL"
  },
  {
    "neighborhood": "Ukrainian Village",
    "metro": "Chicago",
    "state": "IL"
  },
  {
    "neighborhood": "West Town",
    "metro": "Chicago",
    "state": "IL"
  },
  {
    "neighborhood": "Humboldt Park",
    "metro": "Chicago",
    "state": "IL"
  },
  {
    "neighborhood": "Albany Park",
    "metro": "Chicago",
    "state": "IL"
  },
  {
    "neighborhood": "Portage Park",
    "metro": "Chicago",
    "state": "IL"
  },
  {
    "neighborhood": "Edison Park",
    "metro": "Chicago",
    "state": "IL"
  },
  {
    "neighborhood": "Pilsen",
    "metro": "Chicago",
    "state": "IL"
  },
  {
    "neighborhood": "Little Village",
    "metro": "Chicago",
    "state": "IL"
  },
  {
    "neighborhood": "Chinatown",
    "metro": "Chicago",
    "state": "IL"
  },
  {
    "neighborhood": "Bronzeville",
    "metro": "Chicago",
    "state": "IL"
  },
  {
    "neighborhood": "South Shore",
    "metro": "Chicago",
    "state": "IL"
  },
  {
    "neighborhood": "South Loop",
    "metro": "Chicago",
    "state": "IL"
  },
  {
    "neighborhood": "Printer's Row",
    "metro": "Chicago",
    "state": "IL"
  },
  {
    "neighborhood": "West Loop",
    "metro": "Chicago",
    "state": "IL"
  },
  {
    "neighborhood": "Greektown",
    "metro": "Chicago",
    "state": "IL"
  },
  {
    "neighborhood": "University Village",
    "metro": "Chicago",
    "state": "IL"
  },
  {
    "neighborhood": "Little Italy",
    "metro": "Chicago",
    "state": "IL"
  },
  {
    "neighborhood": "Downtown Houston",
    "metro": "Houston",
    "state": "TX"
  },
  {
    "neighborhood": "Museum District",
    "metro": "Houston",
    "state": "TX"
  },
  {
    "neighborhood": "Rice Village",
    "metro": "Houston",
    "state": "TX"
  },
  {
    "neighborhood": "West University",
    "metro": "Houston",
    "state": "TX"
  },
  {
    "neighborhood": "Upper Kirby",
    "metro": "Houston",
    "state": "TX"
  },
  {
    "neighborhood": "Garden Oaks",
    "metro": "Houston",
    "state": "TX"
  },
  {
    "neighborhood": "Timbergrove",
    "metro": "Houston",
    "state": "TX"
  },
  {
    "neighborhood": "Lazybrook",
    "metro": "Houston",
    "state": "TX"
  },
  {
    "neighborhood": "Second Ward",
    "metro": "Houston",
    "state": "TX"
  },
  {
    "neighborhood": "Third Ward",
    "metro": "Houston",
    "state": "TX"
  },
  {
    "neighborhood": "Fourth Ward",
    "metro": "Houston",
    "state": "TX"
  },
  {
    "neighborhood": "Freedmen's Town",
    "metro": "Houston",
    "state": "TX"
  },
  {
    "neighborhood": "Med Center",
    "metro": "Houston",
    "state": "TX"
  },
  {
    "neighborhood": "Midtown Arts",
    "metro": "Houston",
    "state": "TX"
  },
  {
    "neighborhood": "Washington Avenue",
    "metro": "Houston",
    "state": "TX"
  },
  {
    "neighborhood": "Memorial Park",
    "metro": "Houston",
    "state": "TX"
  },
  {
    "neighborhood": "Spring Branch",
    "metro": "Houston",
    "state": "TX"
  },
  {
    "neighborhood": "Humble",
    "metro": "Houston",
    "state": "TX"
  },
  {
    "neighborhood": "Downtown Phoenix",
    "metro": "Phoenix",
    "state": "AZ"
  },
  {
    "neighborhood": "Roosevelt Row",
    "metro": "Phoenix",
    "state": "AZ"
  },
  {
    "neighborhood": "Camelback East",
    "metro": "Phoenix",
    "state": "AZ"
  },
  {
    "neighborhood": "Scottsdale Old Town",
    "metro": "Phoenix",
    "state": "AZ"
  },
  {
    "neighborhood": "North Scottsdale",
    "metro": "Phoenix",
    "state": "AZ"
  },
  {
    "neighborhood": "Mill Avenue",
    "metro": "Phoenix",
    "state": "AZ"
  },
  {
    "neighborhood": "Mesa Downtown",
    "metro": "Phoenix",
    "state": "AZ"
  },
  {
    "neighborhood": "Ahwatukee",
    "metro": "Phoenix",
    "state": "AZ"
  },
  {
    "neighborhood": "South Mountain",
    "metro": "Phoenix",
    "state": "AZ"
  },
  {
    "neighborhood": "Center City",
    "metro": "Philadelphia",
    "state": "PA"
  },
  {
    "neighborhood": "Society Hill",
    "metro": "Philadelphia",
    "state": "PA"
  },
  {
    "neighborhood": "Old City",
    "metro": "Philadelphia",
    "state": "PA"
  },
  {
    "neighborhood": "Northern Liberties",
    "metro": "Philadelphia",
    "state": "PA"
  },
  {
    "neighborhood": "Fishtown",
    "metro": "Philadelphia",
    "state": "PA"
  },
  {
    "neighborhood": "Bridesburg",
    "metro": "Philadelphia",
    "state": "PA"
  },
  {
    "neighborhood": "Queen Village",
    "metro": "Philadelphia",
    "state": "PA"
  },
  {
    "neighborhood": "Passyunk Square",
    "metro": "Philadelphia",
    "state": "PA"
  },
  {
    "neighborhood": "East Passyunk",
    "metro": "Philadelphia",
    "state": "PA"
  },
  {
    "neighborhood": "Point Breeze",
    "metro": "Philadelphia",
    "state": "PA"
  },
  {
    "neighborhood": "Graduate Hospital",
    "metro": "Philadelphia",
    "state": "PA"
  },
  {
    "neighborhood": "Fitler Square",
    "metro": "Philadelphia",
    "state": "PA"
  },
  {
    "neighborhood": "Brewerytown",
    "metro": "Philadelphia",
    "state": "PA"
  },
  {
    "neighborhood": "Temple University",
    "metro": "Philadelphia",
    "state": "PA"
  },
  {
    "neighborhood": "North Philadelphia",
    "metro": "Philadelphia",
    "state": "PA"
  },
  {
    "neighborhood": "West Philadelphia",
    "metro": "Philadelphia",
    "state": "PA"
  },
  {
    "neighborhood": "Spruce Hill",
    "metro": "Philadelphia",
    "state": "PA"
  },
  {
    "neighborhood": "Squirrel Hill",
    "metro": "Philadelphia",
    "state": "PA"
  },
  {
    "neighborhood": "Mount Airy",
    "metro": "Philadelphia",
    "state": "PA"
  },
  {
    "neighborhood": "South Philadelphia",
    "metro": "Philadelphia",
    "state": "PA"
  },
  {
    "neighborhood": "Pennsport",
    "metro": "Philadelphia",
    "state": "PA"
  },
  {
    "neighborhood": "Packer Park",
    "metro": "Philadelphia",
    "state": "PA"
  },
  {
    "neighborhood": "Conshohocken",
    "metro": "Philadelphia",
    "state": "PA"
  },
  {
    "neighborhood": "Downtown San Antonio",
    "metro": "San Antonio",
    "state": "TX"
  },
  {
    "neighborhood": "River Walk",
    "metro": "San Antonio",
    "state": "TX"
  },
  {
    "neighborhood": "Blue Star Arts",
    "metro": "San Antonio",
    "state": "TX"
  },
  {
    "neighborhood": "Pearl District",
    "metro": "San Antonio",
    "state": "TX"
  },
  {
    "neighborhood": "Tobin Hill",
    "metro": "San Antonio",
    "state": "TX"
  },
  {
    "neighborhood": "Terrell Hills",
    "metro": "San Antonio",
    "state": "TX"
  },
  {
    "neighborhood": "Lincoln Heights",
    "metro": "San Antonio",
    "state": "TX"
  },
  {
    "neighborhood": "Mahncke Park",
    "metro": "San Antonio",
    "state": "TX"
  },
  {
    "neighborhood": "Dignowity Hill",
    "metro": "San Antonio",
    "state": "TX"
  },
  {
    "neighborhood": "Government Hill",
    "metro": "San Antonio",
    "state": "TX"
  },
  {
    "neighborhood": "Beacon Hill",
    "metro": "San Antonio",
    "state": "TX"
  },
  {
    "neighborhood": "Alta Vista",
    "metro": "San Antonio",
    "state": "TX"
  },
  {
    "neighborhood": "Five Points",
    "metro": "San Antonio",
    "state": "TX"
  },
  {
    "neighborhood": "The Rim",
    "metro": "San Antonio",
    "state": "TX"
  },
  {
    "neighborhood": "Leon Valley",
    "metro": "San Antonio",
    "state": "TX"
  },
  {
    "neighborhood": "Downtown San Diego",
    "metro": "San Diego",
    "state": "CA"
  },
  {
    "neighborhood": "Gaslamp Quarter",
    "metro": "San Diego",
    "state": "CA"
  },
  {
    "neighborhood": "Little Italy",
    "metro": "San Diego",
    "state": "CA"
  },
  {
    "neighborhood": "Bankers Hill",
    "metro": "San Diego",
    "state": "CA"
  },
  {
    "neighborhood": "Normal Heights",
    "metro": "San Diego",
    "state": "CA"
  },
  {
    "neighborhood": "City Heights",
    "metro": "San Diego",
    "state": "CA"
  },
  {
    "neighborhood": "Mission Hills",
    "metro": "San Diego",
    "state": "CA"
  },
  {
    "neighborhood": "Liberty Station",
    "metro": "San Diego",
    "state": "CA"
  },
  {
    "neighborhood": "Kearny Mesa",
    "metro": "San Diego",
    "state": "CA"
  },
  {
    "neighborhood": "Serra Mesa",
    "metro": "San Diego",
    "state": "CA"
  },
  {
    "neighborhood": "Mission Valley",
    "metro": "San Diego",
    "state": "CA"
  },
  {
    "neighborhood": "Downtown Dallas",
    "metro": "Dallas",
    "state": "TX"
  },
  {
    "neighborhood": "Deep Ellum",
    "metro": "Dallas",
    "state": "TX"
  },
  {
    "neighborhood": "Victory Park",
    "metro": "Dallas",
    "state": "TX"
  },
  {
    "neighborhood": "Design District",
    "metro": "Dallas",
    "state": "TX"
  },
  {
    "neighborhood": "Trinity Groves",
    "metro": "Dallas",
    "state": "TX"
  },
  {
    "neighborhood": "Bishop Arts",
    "metro": "Dallas",
    "state": "TX"
  },
  {
    "neighborhood": "Oak Cliff",
    "metro": "Dallas",
    "state": "TX"
  },
  {
    "neighborhood": "Lower Greenville",
    "metro": "Dallas",
    "state": "TX"
  },
  {
    "neighborhood": "Knox-Henderson",
    "metro": "Dallas",
    "state": "TX"
  },
  {
    "neighborhood": "White Rock",
    "metro": "Dallas",
    "state": "TX"
  },
  {
    "neighborhood": "Lake Highlands",
    "metro": "Dallas",
    "state": "TX"
  },
  {
    "neighborhood": "Preston Hollow",
    "metro": "Dallas",
    "state": "TX"
  },
  {
    "neighborhood": "Bluffview",
    "metro": "Dallas",
    "state": "TX"
  },
  {
    "neighborhood": "Medical District",
    "metro": "Dallas",
    "state": "TX"
  },
  {
    "neighborhood": "Fair Park",
    "metro": "Dallas",
    "state": "TX"
  },
  {
    "neighborhood": "East Dallas",
    "metro": "Dallas",
    "state": "TX"
  },
  {
    "neighborhood": "South Dallas",
    "metro": "Dallas",
    "state": "TX"
  },
  {
    "neighborhood": "West Dallas",
    "metro": "Dallas",
    "state": "TX"
  },
  {
    "neighborhood": "Downtown San Jose",
    "metro": "San Jose",
    "state": "CA"
  },
  {
    "neighborhood": "San Pedro Square",
    "metro": "San Jose",
    "state": "CA"
  },
  {
    "neighborhood": "SoFA District",
    "metro": "San Jose",
    "state": "CA"
  },
  {
    "neighborhood": "Japantown",
    "metro": "San Jose",
    "state": "CA"
  },
  {
    "neighborhood": "Hensley",
    "metro": "San Jose",
    "state": "CA"
  },
  {
    "neighborhood": "Willow Glen",
    "metro": "San Jose",
    "state": "CA"
  },
  {
    "neighborhood": "Rose Garden",
    "metro": "San Jose",
    "state": "CA"
  },
  {
    "neighborhood": "Naglee Park",
    "metro": "San Jose",
    "state": "CA"
  },
  {
    "neighborhood": "Shasta-Hanchett",
    "metro": "San Jose",
    "state": "CA"
  },
  {
    "neighborhood": "North San Jose",
    "metro": "San Jose",
    "state": "CA"
  },
  {
    "neighborhood": "East San Jose",
    "metro": "San Jose",
    "state": "CA"
  },
  {
    "neighborhood": "Blossom Valley",
    "metro": "San Jose",
    "state": "CA"
  },
  {
    "neighborhood": "Almaden Valley",
    "metro": "San Jose",
    "state": "CA"
  },
  {
    "neighborhood": "Cambrian",
    "metro": "San Jose",
    "state": "CA"
  },
  {
    "neighborhood": "Downtown Austin",
    "metro": "Austin",
    "state": "TX"
  },
  {
    "neighborhood": "Sixth Street",
    "metro": "Austin",
    "state": "TX"
  },
  {
    "neighborhood": "Rainey Street",
    "metro": "Austin",
    "state": "TX"
  },
  {
    "neighborhood": "East Austin",
    "metro": "Austin",
    "state": "TX"
  },
  {
    "neighborhood": "South Congress",
    "metro": "Austin",
    "state": "TX"
  },
  {
    "neighborhood": "South First",
    "metro": "Austin",
    "state": "TX"
  },
  {
    "neighborhood": "South Lamar",
    "metro": "Austin",
    "state": "TX"
  },
  {
    "neighborhood": "Zilker",
    "metro": "Austin",
    "state": "TX"
  },
  {
    "neighborhood": "Barton Hills",
    "metro": "Austin",
    "state": "TX"
  },
  {
    "neighborhood": "Travis Heights",
    "metro": "Austin",
    "state": "TX"
  },
  {
    "neighborhood": "Bouldin Creek",
    "metro": "Austin",
    "state": "TX"
  },
  {
    "neighborhood": "Old West Austin",
    "metro": "Austin",
    "state": "TX"
  },
  {
    "neighborhood": "Pemberton Heights",
    "metro": "Austin",
    "state": "TX"
  },
  {
    "neighborhood": "North Loop",
    "metro": "Austin",
    "state": "TX"
  },
  {
    "neighborhood": "Mueller",
    "metro": "Austin",
    "state": "TX"
  },
  {
    "neighborhood": "Windsor Park",
    "metro": "Austin",
    "state": "TX"
  },
  {
    "neighborhood": "French Place",
    "metro": "Austin",
    "state": "TX"
  },
  {
    "neighborhood": "North Austin",
    "metro": "Austin",
    "state": "TX"
  },
  {
    "neighborhood": "Great Hills",
    "metro": "Austin",
    "state": "TX"
  },
  {
    "neighborhood": "Northwest Hills",
    "metro": "Austin",
    "state": "TX"
  },
  {
    "neighborhood": "West Lake Hills",
    "metro": "Austin",
    "state": "TX"
  },
  {
    "neighborhood": "Downtown Jacksonville",
    "metro": "Jacksonville",
    "state": "FL"
  },
  {
    "neighborhood": "St. Nicholas",
    "metro": "Jacksonville",
    "state": "FL"
  },
  {
    "neighborhood": "Mandarin",
    "metro": "Jacksonville",
    "state": "FL"
  },
  {
    "neighborhood": "Julington Creek",
    "metro": "Jacksonville",
    "state": "FL"
  },
  {
    "neighborhood": "Eastside",
    "metro": "Jacksonville",
    "state": "FL"
  },
  {
    "neighborhood": "Beaches",
    "metro": "Jacksonville",
    "state": "FL"
  },
  {
    "neighborhood": "Tinseltown",
    "metro": "Jacksonville",
    "state": "FL"
  },
  {
    "neighborhood": "St. Johns Town Center",
    "metro": "Jacksonville",
    "state": "FL"
  },
  {
    "neighborhood": "Nocatee",
    "metro": "Jacksonville",
    "state": "FL"
  },
  {
    "neighborhood": "Downtown Fort Worth",
    "metro": "Fort Worth",
    "state": "TX"
  },
  {
    "neighborhood": "Sundance Square",
    "metro": "Fort Worth",
    "state": "TX"
  },
  {
    "neighborhood": "West 7th",
    "metro": "Fort Worth",
    "state": "TX"
  },
  {
    "neighborhood": "Cultural District",
    "metro": "Fort Worth",
    "state": "TX"
  },
  {
    "neighborhood": "Near Southside",
    "metro": "Fort Worth",
    "state": "TX"
  },
  {
    "neighborhood": "Ryan Place",
    "metro": "Fort Worth",
    "state": "TX"
  },
  {
    "neighborhood": "Berkeley Place",
    "metro": "Fort Worth",
    "state": "TX"
  },
  {
    "neighborhood": "Mistletoe Heights",
    "metro": "Fort Worth",
    "state": "TX"
  },
  {
    "neighborhood": "TCU",
    "metro": "Fort Worth",
    "state": "TX"
  },
  {
    "neighborhood": "Paschal",
    "metro": "Fort Worth",
    "state": "TX"
  },
  {
    "neighborhood": "Near East Side",
    "metro": "Fort Worth",
    "state": "TX"
  },
  {
    "neighborhood": "Diamond Hill",
    "metro": "Fort Worth",
    "state": "TX"
  },
  {
    "neighborhood": "Stockyards",
    "metro": "Fort Worth",
    "state": "TX"
  },
  {
    "neighborhood": "North Fort Worth",
    "metro": "Fort Worth",
    "state": "TX"
  },
  {
    "neighborhood": "Downtown Columbus",
    "metro": "Columbus",
    "state": "OH"
  },
  {
    "neighborhood": "Short North",
    "metro": "Columbus",
    "state": "OH"
  },
  {
    "neighborhood": "Victorian Village",
    "metro": "Columbus",
    "state": "OH"
  },
  {
    "neighborhood": "Italian Village",
    "metro": "Columbus",
    "state": "OH"
  },
  {
    "neighborhood": "Harrison West",
    "metro": "Columbus",
    "state": "OH"
  },
  {
    "neighborhood": "Old North Columbus",
    "metro": "Columbus",
    "state": "OH"
  },
  {
    "neighborhood": "University District",
    "metro": "Columbus",
    "state": "OH"
  },
  {
    "neighborhood": "Weinland Park",
    "metro": "Columbus",
    "state": "OH"
  },
  {
    "neighborhood": "German Village",
    "metro": "Columbus",
    "state": "OH"
  },
  {
    "neighborhood": "Brewery District",
    "metro": "Columbus",
    "state": "OH"
  },
  {
    "neighborhood": "Merion Village",
    "metro": "Columbus",
    "state": "OH"
  },
  {
    "neighborhood": "Hungarian Village",
    "metro": "Columbus",
    "state": "OH"
  },
  {
    "neighborhood": "Schumacher Place",
    "metro": "Columbus",
    "state": "OH"
  },
  {
    "neighborhood": "Olde Towne East",
    "metro": "Columbus",
    "state": "OH"
  },
  {
    "neighborhood": "King-Lincoln",
    "metro": "Columbus",
    "state": "OH"
  },
  {
    "neighborhood": "Financial District",
    "metro": "San Francisco",
    "state": "CA"
  },
  {
    "neighborhood": "SoMa",
    "metro": "San Francisco",
    "state": "CA"
  },
  {
    "neighborhood": "South Beach",
    "metro": "San Francisco",
    "state": "CA"
  },
  {
    "neighborhood": "Dogpatch",
    "metro": "San Francisco",
    "state": "CA"
  },
  {
    "neighborhood": "Potrero Hill",
    "metro": "San Francisco",
    "state": "CA"
  },
  {
    "neighborhood": "Mission District",
    "metro": "San Francisco",
    "state": "CA"
  },
  {
    "neighborhood": "Valencia Street",
    "metro": "San Francisco",
    "state": "CA"
  },
  {
    "neighborhood": "Noe Valley",
    "metro": "San Francisco",
    "state": "CA"
  },
  {
    "neighborhood": "Glen Park",
    "metro": "San Francisco",
    "state": "CA"
  },
  {
    "neighborhood": "Bernal Heights",
    "metro": "San Francisco",
    "state": "CA"
  },
  {
    "neighborhood": "Outer Mission",
    "metro": "San Francisco",
    "state": "CA"
  },
  {
    "neighborhood": "Hayes Valley",
    "metro": "San Francisco",
    "state": "CA"
  },
  {
    "neighborhood": "Tenderloin",
    "metro": "San Francisco",
    "state": "CA"
  },
  {
    "neighborhood": "North Beach",
    "metro": "San Francisco",
    "state": "CA"
  },
  {
    "neighborhood": "Chinatown",
    "metro": "San Francisco",
    "state": "CA"
  },
  {
    "neighborhood": "Russian Hill",
    "metro": "San Francisco",
    "state": "CA"
  },
  {
    "neighborhood": "Fisherman's Wharf",
    "metro": "San Francisco",
    "state": "CA"
  },
  {
    "neighborhood": "Cow Hollow",
    "metro": "San Francisco",
    "state": "CA"
  },
  {
    "neighborhood": "Pacific Heights",
    "metro": "San Francisco",
    "state": "CA"
  },
  {
    "neighborhood": "Presidio Heights",
    "metro": "San Francisco",
    "state": "CA"
  },
  {
    "neighborhood": "Laurel Heights",
    "metro": "San Francisco",
    "state": "CA"
  },
  {
    "neighborhood": "Jordan Park",
    "metro": "San Francisco",
    "state": "CA"
  },
  {
    "neighborhood": "Inner Richmond",
    "metro": "San Francisco",
    "state": "CA"
  },
  {
    "neighborhood": "Outer Richmond",
    "metro": "San Francisco",
    "state": "CA"
  },
  {
    "neighborhood": "Sea Cliff",
    "metro": "San Francisco",
    "state": "CA"
  },
  {
    "neighborhood": "Inner Sunset",
    "metro": "San Francisco",
    "state": "CA"
  },
  {
    "neighborhood": "Outer Sunset",
    "metro": "San Francisco",
    "state": "CA"
  },
  {
    "neighborhood": "West Portal",
    "metro": "San Francisco",
    "state": "CA"
  },
  {
    "neighborhood": "St. Francis Wood",
    "metro": "San Francisco",
    "state": "CA"
  },
  {
    "neighborhood": "Cole Valley",
    "metro": "San Francisco",
    "state": "CA"
  },
  {
    "neighborhood": "Haight-Ashbury",
    "metro": "San Francisco",
    "state": "CA"
  },
  {
    "neighborhood": "Lower Haight",
    "metro": "San Francisco",
    "state": "CA"
  },
  {
    "neighborhood": "Duboce Triangle",
    "metro": "San Francisco",
    "state": "CA"
  },
  {
    "neighborhood": "Eureka Valley",
    "metro": "San Francisco",
    "state": "CA"
  },
  {
    "neighborhood": "Diamond Heights",
    "metro": "San Francisco",
    "state": "CA"
  },
  {
    "neighborhood": "Twin Peaks",
    "metro": "San Francisco",
    "state": "CA"
  },
  {
    "neighborhood": "Miraloma Park",
    "metro": "San Francisco",
    "state": "CA"
  },
  {
    "neighborhood": "Oceanview",
    "metro": "San Francisco",
    "state": "CA"
  },
  {
    "neighborhood": "Merced Heights",
    "metro": "San Francisco",
    "state": "CA"
  },
  {
    "neighborhood": "Crocker Amazon",
    "metro": "San Francisco",
    "state": "CA"
  },
  {
    "neighborhood": "Visitacion Valley",
    "metro": "San Francisco",
    "state": "CA"
  },
  {
    "neighborhood": "Hunters Point",
    "metro": "San Francisco",
    "state": "CA"
  },
  {
    "neighborhood": "Silver Terrace",
    "metro": "San Francisco",
    "state": "CA"
  },
  {
    "neighborhood": "Downtown Seattle",
    "metro": "Seattle",
    "state": "WA"
  },
  {
    "neighborhood": "Pike Place",
    "metro": "Seattle",
    "state": "WA"
  },
  {
    "neighborhood": "Belltown",
    "metro": "Seattle",
    "state": "WA"
  },
  {
    "neighborhood": "South Lake Union",
    "metro": "Seattle",
    "state": "WA"
  },
  {
    "neighborhood": "Denny Triangle",
    "metro": "Seattle",
    "state": "WA"
  },
  {
    "neighborhood": "Capitol Hill",
    "metro": "Seattle",
    "state": "WA"
  },
  {
    "neighborhood": "First Hill",
    "metro": "Seattle",
    "state": "WA"
  },
  {
    "neighborhood": "Central District",
    "metro": "Seattle",
    "state": "WA"
  },
  {
    "neighborhood": "Leschi",
    "metro": "Seattle",
    "state": "WA"
  },
  {
    "neighborhood": "Madison Valley",
    "metro": "Seattle",
    "state": "WA"
  },
  {
    "neighborhood": "Montlake",
    "metro": "Seattle",
    "state": "WA"
  },
  {
    "neighborhood": "University District",
    "metro": "Seattle",
    "state": "WA"
  },
  {
    "neighborhood": "Crown Hill",
    "metro": "Seattle",
    "state": "WA"
  },
  {
    "neighborhood": "Phinney Ridge",
    "metro": "Seattle",
    "state": "WA"
  },
  {
    "neighborhood": "Loyal Heights",
    "metro": "Seattle",
    "state": "WA"
  },
  {
    "neighborhood": "Interbay",
    "metro": "Seattle",
    "state": "WA"
  },
  {
    "neighborhood": "Pioneer Square",
    "metro": "Seattle",
    "state": "WA"
  },
  {
    "neighborhood": "International District",
    "metro": "Seattle",
    "state": "WA"
  },
  {
    "neighborhood": "SoDo",
    "metro": "Seattle",
    "state": "WA"
  },
  {
    "neighborhood": "Beacon Hill",
    "metro": "Seattle",
    "state": "WA"
  },
  {
    "neighborhood": "Columbia City",
    "metro": "Seattle",
    "state": "WA"
  },
  {
    "neighborhood": "Rainier Valley",
    "metro": "Seattle",
    "state": "WA"
  },
  {
    "neighborhood": "Rainier Beach",
    "metro": "Seattle",
    "state": "WA"
  },
  {
    "neighborhood": "Seward Park",
    "metro": "Seattle",
    "state": "WA"
  },
  {
    "neighborhood": "Mount Baker",
    "metro": "Seattle",
    "state": "WA"
  },
  {
    "neighborhood": "West Seattle",
    "metro": "Seattle",
    "state": "WA"
  },
  {
    "neighborhood": "White Center",
    "metro": "Seattle",
    "state": "WA"
  },
  {
    "neighborhood": "Downtown Denver",
    "metro": "Denver",
    "state": "CO"
  },
  {
    "neighborhood": "LoDo",
    "metro": "Denver",
    "state": "CO"
  },
  {
    "neighborhood": "Five Points",
    "metro": "Denver",
    "state": "CO"
  },
  {
    "neighborhood": "Curtis Park",
    "metro": "Denver",
    "state": "CO"
  },
  {
    "neighborhood": "City Park West",
    "metro": "Denver",
    "state": "CO"
  },
  {
    "neighborhood": "Cheesman Park",
    "metro": "Denver",
    "state": "CO"
  },
  {
    "neighborhood": "Congress Park",
    "metro": "Denver",
    "state": "CO"
  },
  {
    "neighborhood": "Capitol Hill",
    "metro": "Denver",
    "state": "CO"
  },
  {
    "neighborhood": "North Capitol Hill",
    "metro": "Denver",
    "state": "CO"
  },
  {
    "neighborhood": "Washington Park",
    "metro": "Denver",
    "state": "CO"
  },
  {
    "neighborhood": "Platt Park",
    "metro": "Denver",
    "state": "CO"
  },
  {
    "neighborhood": "La Alma",
    "metro": "Denver",
    "state": "CO"
  },
  {
    "neighborhood": "West Colfax",
    "metro": "Denver",
    "state": "CO"
  },
  {
    "neighborhood": "Barnum West",
    "metro": "Denver",
    "state": "CO"
  },
  {
    "neighborhood": "LoHi",
    "metro": "Denver",
    "state": "CO"
  },
  {
    "neighborhood": "Regis",
    "metro": "Denver",
    "state": "CO"
  },
  {
    "neighborhood": "Chaffee Park",
    "metro": "Denver",
    "state": "CO"
  },
  {
    "neighborhood": "Sloan Lake",
    "metro": "Denver",
    "state": "CO"
  },
  {
    "neighborhood": "West Highland",
    "metro": "Denver",
    "state": "CO"
  },
  {
    "neighborhood": "Tennyson Street",
    "metro": "Denver",
    "state": "CO"
  },
  {
    "neighborhood": "Stapleton",
    "metro": "Denver",
    "state": "CO"
  },
  {
    "neighborhood": "Montbello",
    "metro": "Denver",
    "state": "CO"
  },
  {
    "neighborhood": "Green Valley Ranch",
    "metro": "Denver",
    "state": "CO"
  },
  {
    "neighborhood": "Cory-Merrill",
    "metro": "Denver",
    "state": "CO"
  },
  {
    "neighborhood": "Observatory Park",
    "metro": "Denver",
    "state": "CO"
  },
  {
    "neighborhood": "Downtown DC",
    "metro": "Washington",
    "state": "DC"
  },
  {
    "neighborhood": "Penn Quarter",
    "metro": "Washington",
    "state": "DC"
  },
  {
    "neighborhood": "Chinatown",
    "metro": "Washington",
    "state": "DC"
  },
  {
    "neighborhood": "Gallery Place",
    "metro": "Washington",
    "state": "DC"
  },
  {
    "neighborhood": "Dupont Circle",
    "metro": "Washington",
    "state": "DC"
  },
  {
    "neighborhood": "Logan Circle",
    "metro": "Washington",
    "state": "DC"
  },
  {
    "neighborhood": "Scott Circle",
    "metro": "Washington",
    "state": "DC"
  },
  {
    "neighborhood": "Thomas Circle",
    "metro": "Washington",
    "state": "DC"
  },
  {
    "neighborhood": "14th Street",
    "metro": "Washington",
    "state": "DC"
  },
  {
    "neighborhood": "U Street",
    "metro": "Washington",
    "state": "DC"
  },
  {
    "neighborhood": "Howard University",
    "metro": "Washington",
    "state": "DC"
  },
  {
    "neighborhood": "LeDroit Park",
    "metro": "Washington",
    "state": "DC"
  },
  {
    "neighborhood": "Capitol Hill",
    "metro": "Washington",
    "state": "DC"
  },
  {
    "neighborhood": "Eastern Market",
    "metro": "Washington",
    "state": "DC"
  },
  {
    "neighborhood": "Barracks Row",
    "metro": "Washington",
    "state": "DC"
  },
  {
    "neighborhood": "Hill East",
    "metro": "Washington",
    "state": "DC"
  },
  {
    "neighborhood": "Navy Yard",
    "metro": "Washington",
    "state": "DC"
  },
  {
    "neighborhood": "Capitol Riverfront",
    "metro": "Washington",
    "state": "DC"
  },
  {
    "neighborhood": "Southwest Waterfront",
    "metro": "Washington",
    "state": "DC"
  },
  {
    "neighborhood": "The Wharf",
    "metro": "Washington",
    "state": "DC"
  },
  {
    "neighborhood": "Foggy Bottom",
    "metro": "Washington",
    "state": "DC"
  },
  {
    "neighborhood": "Glover Park",
    "metro": "Washington",
    "state": "DC"
  },
  {
    "neighborhood": "Burleith",
    "metro": "Washington",
    "state": "DC"
  },
  {
    "neighborhood": "American University",
    "metro": "Washington",
    "state": "DC"
  },
  {
    "neighborhood": "Tenleytown",
    "metro": "Washington",
    "state": "DC"
  },
  {
    "neighborhood": "Cleveland Park",
    "metro": "Washington",
    "state": "DC"
  },
  {
    "neighborhood": "Woodley Park",
    "metro": "Washington",
    "state": "DC"
  },
  {
    "neighborhood": "Adams Morgan",
    "metro": "Washington",
    "state": "DC"
  },
  {
    "neighborhood": "Kalorama",
    "metro": "Washington",
    "state": "DC"
  },
  {
    "neighborhood": "Mount Pleasant",
    "metro": "Washington",
    "state": "DC"
  },
  {
    "neighborhood": "Petworth",
    "metro": "Washington",
    "state": "DC"
  },
  {
    "neighborhood": "Brightwood Park",
    "metro": "Washington",
    "state": "DC"
  },
  {
    "neighborhood": "Brightwood",
    "metro": "Washington",
    "state": "DC"
  },
  {
    "neighborhood": "Manor Park",
    "metro": "Washington",
    "state": "DC"
  },
  {
    "neighborhood": "Michigan Park",
    "metro": "Washington",
    "state": "DC"
  },
  {
    "neighborhood": "Anacostia",
    "metro": "Washington",
    "state": "DC"
  },
  {
    "neighborhood": "Congress Heights",
    "metro": "Washington",
    "state": "DC"
  },
  {
    "neighborhood": "Deanwood",
    "metro": "Washington",
    "state": "DC"
  },
  {
    "neighborhood": "Ivy City",
    "metro": "Washington",
    "state": "DC"
  },
  {
    "neighborhood": "Downtown Boston",
    "metro": "Boston",
    "state": "MA"
  },
  {
    "neighborhood": "Financial District",
    "metro": "Boston",
    "state": "MA"
  },
  {
    "neighborhood": "Downtown Crossing",
    "metro": "Boston",
    "state": "MA"
  },
  {
    "neighborhood": "Beacon Hill",
    "metro": "Boston",
    "state": "MA"
  },
  {
    "neighborhood": "North End",
    "metro": "Boston",
    "state": "MA"
  },
  {
    "neighborhood": "Fort Point",
    "metro": "Boston",
    "state": "MA"
  },
  {
    "neighborhood": "Back Bay",
    "metro": "Boston",
    "state": "MA"
  },
  {
    "neighborhood": "South End",
    "metro": "Boston",
    "state": "MA"
  },
  {
    "neighborhood": "Mission Hill",
    "metro": "Boston",
    "state": "MA"
  },
  {
    "neighborhood": "Mattapan",
    "metro": "Boston",
    "state": "MA"
  },
  {
    "neighborhood": "South Dorchester",
    "metro": "Boston",
    "state": "MA"
  },
  {
    "neighborhood": "Fields Corner",
    "metro": "Boston",
    "state": "MA"
  },
  {
    "neighborhood": "Ashmont",
    "metro": "Boston",
    "state": "MA"
  },
  {
    "neighborhood": "Codman Square",
    "metro": "Boston",
    "state": "MA"
  },
  {
    "neighborhood": "Brookline Village",
    "metro": "Boston",
    "state": "MA"
  },
  {
    "neighborhood": "Kendall Square",
    "metro": "Boston",
    "state": "MA"
  },
  {
    "neighborhood": "Porter Square",
    "metro": "Boston",
    "state": "MA"
  },
  {
    "neighborhood": "Cambridgeport",
    "metro": "Boston",
    "state": "MA"
  },
  {
    "neighborhood": "Teele Square",
    "metro": "Boston",
    "state": "MA"
  },
  {
    "neighborhood": "Downtown Nashville",
    "metro": "Nashville",
    "state": "TN"
  },
  {
    "neighborhood": "The Gulch",
    "metro": "Nashville",
    "state": "TN"
  },
  {
    "neighborhood": "SoBro",
    "metro": "Nashville",
    "state": "TN"
  },
  {
    "neighborhood": "Rolling Mill Hill",
    "metro": "Nashville",
    "state": "TN"
  },
  {
    "neighborhood": "Salemtown",
    "metro": "Nashville",
    "state": "TN"
  },
  {
    "neighborhood": "Hope Gardens",
    "metro": "Nashville",
    "state": "TN"
  },
  {
    "neighborhood": "Historic Buena Vista",
    "metro": "Nashville",
    "state": "TN"
  },
  {
    "neighborhood": "Marathon Village",
    "metro": "Nashville",
    "state": "TN"
  },
  {
    "neighborhood": "East Nashville",
    "metro": "Nashville",
    "state": "TN"
  },
  {
    "neighborhood": "Five Points",
    "metro": "Nashville",
    "state": "TN"
  },
  {
    "neighborhood": "Lockeland Springs",
    "metro": "Nashville",
    "state": "TN"
  },
  {
    "neighborhood": "Music Row",
    "metro": "Nashville",
    "state": "TN"
  },
  {
    "neighborhood": "Hillsboro Village",
    "metro": "Nashville",
    "state": "TN"
  },
  {
    "neighborhood": "Wedgewood-Houston",
    "metro": "Nashville",
    "state": "TN"
  },
  {
    "neighborhood": "South Nashville",
    "metro": "Nashville",
    "state": "TN"
  },
  {
    "neighborhood": "Sylvan Park",
    "metro": "Nashville",
    "state": "TN"
  },
  {
    "neighborhood": "The Nations",
    "metro": "Nashville",
    "state": "TN"
  },
  {
    "neighborhood": "Charlotte Park",
    "metro": "Nashville",
    "state": "TN"
  },
  {
    "neighborhood": "West Nashville",
    "metro": "Nashville",
    "state": "TN"
  },
  {
    "neighborhood": "White Bridge",
    "metro": "Nashville",
    "state": "TN"
  },
  {
    "neighborhood": "Downtown Portland",
    "metro": "Portland",
    "state": "OR"
  },
  {
    "neighborhood": "Pearl District",
    "metro": "Portland",
    "state": "OR"
  },
  {
    "neighborhood": "Old Town Chinatown",
    "metro": "Portland",
    "state": "OR"
  },
  {
    "neighborhood": "Goose Hollow",
    "metro": "Portland",
    "state": "OR"
  },
  {
    "neighborhood": "Northwest Portland",
    "metro": "Portland",
    "state": "OR"
  },
  {
    "neighborhood": "Alphabet District",
    "metro": "Portland",
    "state": "OR"
  },
  {
    "neighborhood": "Slabtown",
    "metro": "Portland",
    "state": "OR"
  },
  {
    "neighborhood": "Southwest Portland",
    "metro": "Portland",
    "state": "OR"
  },
  {
    "neighborhood": "South Waterfront",
    "metro": "Portland",
    "state": "OR"
  },
  {
    "neighborhood": "Johns Landing",
    "metro": "Portland",
    "state": "OR"
  },
  {
    "neighborhood": "Multnomah Village",
    "metro": "Portland",
    "state": "OR"
  },
  {
    "neighborhood": "Sellwood",
    "metro": "Portland",
    "state": "OR"
  },
  {
    "neighborhood": "Hosford-Abernethy",
    "metro": "Portland",
    "state": "OR"
  },
  {
    "neighborhood": "Buckman",
    "metro": "Portland",
    "state": "OR"
  },
  {
    "neighborhood": "Kerns",
    "metro": "Portland",
    "state": "OR"
  },
  {
    "neighborhood": "Laurelhurst",
    "metro": "Portland",
    "state": "OR"
  },
  {
    "neighborhood": "Grant Park",
    "metro": "Portland",
    "state": "OR"
  },
  {
    "neighborhood": "Rose City Park",
    "metro": "Portland",
    "state": "OR"
  },
  {
    "neighborhood": "Madison South",
    "metro": "Portland",
    "state": "OR"
  },
  {
    "neighborhood": "Montavilla",
    "metro": "Portland",
    "state": "OR"
  },
  {
    "neighborhood": "Parkrose",
    "metro": "Portland",
    "state": "OR"
  },
  {
    "neighborhood": "Northeast Portland",
    "metro": "Portland",
    "state": "OR"
  },
  {
    "neighborhood": "Lloyd District",
    "metro": "Portland",
    "state": "OR"
  },
  {
    "neighborhood": "Sullivan's Gulch",
    "metro": "Portland",
    "state": "OR"
  },
  {
    "neighborhood": "Arbor Lodge",
    "metro": "Portland",
    "state": "OR"
  },
  {
    "neighborhood": "St. Johns",
    "metro": "Portland",
    "state": "OR"
  },
  {
    "neighborhood": "Cathedral Park",
    "metro": "Portland",
    "state": "OR"
  },
  {
    "neighborhood": "North Portland",
    "metro": "Portland",
    "state": "OR"
  },
  {
    "neighborhood": "Clackamas",
    "metro": "Portland",
    "state": "OR"
  },
  {
    "neighborhood": "Downtown Las Vegas",
    "metro": "Las Vegas",
    "state": "NV"
  },
  {
    "neighborhood": "Fremont Street",
    "metro": "Las Vegas",
    "state": "NV"
  },
  {
    "neighborhood": "Fremont East",
    "metro": "Las Vegas",
    "state": "NV"
  },
  {
    "neighborhood": "Arts District",
    "metro": "Las Vegas",
    "state": "NV"
  },
  {
    "neighborhood": "The Strip",
    "metro": "Las Vegas",
    "state": "NV"
  },
  {
    "neighborhood": "Summerlin South",
    "metro": "Las Vegas",
    "state": "NV"
  },
  {
    "neighborhood": "The Lakes",
    "metro": "Las Vegas",
    "state": "NV"
  },
  {
    "neighborhood": "Canyon Gate",
    "metro": "Las Vegas",
    "state": "NV"
  },
  {
    "neighborhood": "Red Rock",
    "metro": "Las Vegas",
    "state": "NV"
  },
  {
    "neighborhood": "MacDonald Highlands",
    "metro": "Las Vegas",
    "state": "NV"
  },
  {
    "neighborhood": "Inspirada",
    "metro": "Las Vegas",
    "state": "NV"
  },
  {
    "neighborhood": "Southwest Las Vegas",
    "metro": "Las Vegas",
    "state": "NV"
  },
  {
    "neighborhood": "Rhodes Ranch",
    "metro": "Las Vegas",
    "state": "NV"
  },
  {
    "neighborhood": "Mountains Edge",
    "metro": "Las Vegas",
    "state": "NV"
  },
  {
    "neighborhood": "Downtown Detroit",
    "metro": "Detroit",
    "state": "MI"
  },
  {
    "neighborhood": "New Center",
    "metro": "Detroit",
    "state": "MI"
  },
  {
    "neighborhood": "North End",
    "metro": "Detroit",
    "state": "MI"
  },
  {
    "neighborhood": "Corktown",
    "metro": "Detroit",
    "state": "MI"
  },
  {
    "neighborhood": "Mexicantown",
    "metro": "Detroit",
    "state": "MI"
  },
  {
    "neighborhood": "Southwest Detroit",
    "metro": "Detroit",
    "state": "MI"
  },
  {
    "neighborhood": "Hubbard Farms",
    "metro": "Detroit",
    "state": "MI"
  },
  {
    "neighborhood": "Brush Park",
    "metro": "Detroit",
    "state": "MI"
  },
  {
    "neighborhood": "Eastern Market",
    "metro": "Detroit",
    "state": "MI"
  },
  {
    "neighborhood": "Rivertown",
    "metro": "Detroit",
    "state": "MI"
  },
  {
    "neighborhood": "West Village",
    "metro": "Detroit",
    "state": "MI"
  },
  {
    "neighborhood": "Indian Village",
    "metro": "Detroit",
    "state": "MI"
  },
  {
    "neighborhood": "Jefferson-Chalmers",
    "metro": "Detroit",
    "state": "MI"
  },
  {
    "neighborhood": "Islandview",
    "metro": "Detroit",
    "state": "MI"
  },
  {
    "neighborhood": "McDougall-Hunt",
    "metro": "Detroit",
    "state": "MI"
  },
  {
    "neighborhood": "Lafayette Park",
    "metro": "Detroit",
    "state": "MI"
  },
  {
    "neighborhood": "Avenue of Fashion",
    "metro": "Detroit",
    "state": "MI"
  },
  {
    "neighborhood": "Palmer Park",
    "metro": "Detroit",
    "state": "MI"
  },
  {
    "neighborhood": "University District",
    "metro": "Detroit",
    "state": "MI"
  },
  {
    "neighborhood": "Grandmont",
    "metro": "Detroit",
    "state": "MI"
  },
  {
    "neighborhood": "Rosedale Park",
    "metro": "Detroit",
    "state": "MI"
  },
  {
    "neighborhood": "Fitzgerald",
    "metro": "Detroit",
    "state": "MI"
  },
  {
    "neighborhood": "Boston-Edison",
    "metro": "Detroit",
    "state": "MI"
  },
  {
    "neighborhood": "Virginia Park",
    "metro": "Detroit",
    "state": "MI"
  },
  {
    "neighborhood": "Arden Park",
    "metro": "Detroit",
    "state": "MI"
  },
  {
    "neighborhood": "Grosse Pointe Park",
    "metro": "Detroit",
    "state": "MI"
  },
  {
    "neighborhood": "Downtown Memphis",
    "metro": "Memphis",
    "state": "TN"
  },
  {
    "neighborhood": "Pinch District",
    "metro": "Memphis",
    "state": "TN"
  },
  {
    "neighborhood": "The Edge",
    "metro": "Memphis",
    "state": "TN"
  },
  {
    "neighborhood": "Cooper-Young",
    "metro": "Memphis",
    "state": "TN"
  },
  {
    "neighborhood": "Overton Square",
    "metro": "Memphis",
    "state": "TN"
  },
  {
    "neighborhood": "Vollintine-Evergreen",
    "metro": "Memphis",
    "state": "TN"
  },
  {
    "neighborhood": "Broad Avenue",
    "metro": "Memphis",
    "state": "TN"
  },
  {
    "neighborhood": "Chickasaw Gardens",
    "metro": "Memphis",
    "state": "TN"
  },
  {
    "neighborhood": "Central Gardens",
    "metro": "Memphis",
    "state": "TN"
  },
  {
    "neighborhood": "East Memphis",
    "metro": "Memphis",
    "state": "TN"
  },
  {
    "neighborhood": "Mud Island",
    "metro": "Memphis",
    "state": "TN"
  },
  {
    "neighborhood": "South Memphis",
    "metro": "Memphis",
    "state": "TN"
  },
  {
    "neighborhood": "Orange Mound",
    "metro": "Memphis",
    "state": "TN"
  },
  {
    "neighborhood": "Whitehaven",
    "metro": "Memphis",
    "state": "TN"
  },
  {
    "neighborhood": "Downtown Baltimore",
    "metro": "Baltimore",
    "state": "MD"
  },
  {
    "neighborhood": "Inner Harbor",
    "metro": "Baltimore",
    "state": "MD"
  },
  {
    "neighborhood": "Federal Hill",
    "metro": "Baltimore",
    "state": "MD"
  },
  {
    "neighborhood": "Locust Point",
    "metro": "Baltimore",
    "state": "MD"
  },
  {
    "neighborhood": "Fells Point",
    "metro": "Baltimore",
    "state": "MD"
  },
  {
    "neighborhood": "Harbor East",
    "metro": "Baltimore",
    "state": "MD"
  },
  {
    "neighborhood": "Little Italy",
    "metro": "Baltimore",
    "state": "MD"
  },
  {
    "neighborhood": "Charles Village",
    "metro": "Baltimore",
    "state": "MD"
  },
  {
    "neighborhood": "Woodberry",
    "metro": "Baltimore",
    "state": "MD"
  },
  {
    "neighborhood": "Medfield",
    "metro": "Baltimore",
    "state": "MD"
  },
  {
    "neighborhood": "Hoes Heights",
    "metro": "Baltimore",
    "state": "MD"
  },
  {
    "neighborhood": "Roland Park",
    "metro": "Baltimore",
    "state": "MD"
  },
  {
    "neighborhood": "Homeland",
    "metro": "Baltimore",
    "state": "MD"
  },
  {
    "neighborhood": "Tuscany-Canterbury",
    "metro": "Baltimore",
    "state": "MD"
  },
  {
    "neighborhood": "Charles North",
    "metro": "Baltimore",
    "state": "MD"
  },
  {
    "neighborhood": "Station North",
    "metro": "Baltimore",
    "state": "MD"
  },
  {
    "neighborhood": "Greenmount West",
    "metro": "Baltimore",
    "state": "MD"
  },
  {
    "neighborhood": "Lauraville",
    "metro": "Baltimore",
    "state": "MD"
  },
  {
    "neighborhood": "Patterson Park",
    "metro": "Baltimore",
    "state": "MD"
  },
  {
    "neighborhood": "Highlandtown",
    "metro": "Baltimore",
    "state": "MD"
  },
  {
    "neighborhood": "Butchers Hill",
    "metro": "Baltimore",
    "state": "MD"
  },
  {
    "neighborhood": "Southeast Baltimore",
    "metro": "Baltimore",
    "state": "MD"
  },
  {
    "neighborhood": "Pigtown",
    "metro": "Baltimore",
    "state": "MD"
  },
  {
    "neighborhood": "Hollins Market",
    "metro": "Baltimore",
    "state": "MD"
  },
  {
    "neighborhood": "Bolton Hill",
    "metro": "Baltimore",
    "state": "MD"
  },
  {
    "neighborhood": "Reservoir Hill",
    "metro": "Baltimore",
    "state": "MD"
  },
  {
    "neighborhood": "Pikesville",
    "metro": "Baltimore",
    "state": "MD"
  },
  {
    "neighborhood": "Owings Mills",
    "metro": "Baltimore",
    "state": "MD"
  },
  {
    "neighborhood": "Downtown OKC",
    "metro": "Oklahoma City",
    "state": "OK"
  },
  {
    "neighborhood": "Bricktown",
    "metro": "Oklahoma City",
    "state": "OK"
  },
  {
    "neighborhood": "Automobile Alley",
    "metro": "Oklahoma City",
    "state": "OK"
  },
  {
    "neighborhood": "Deep Deuce",
    "metro": "Oklahoma City",
    "state": "OK"
  },
  {
    "neighborhood": "Film Row",
    "metro": "Oklahoma City",
    "state": "OK"
  },
  {
    "neighborhood": "Paseo Arts District",
    "metro": "Oklahoma City",
    "state": "OK"
  },
  {
    "neighborhood": "Plaza District",
    "metro": "Oklahoma City",
    "state": "OK"
  },
  {
    "neighborhood": "Uptown 23rd",
    "metro": "Oklahoma City",
    "state": "OK"
  },
  {
    "neighborhood": "Classen Ten Penn",
    "metro": "Oklahoma City",
    "state": "OK"
  },
  {
    "neighborhood": "Mesta Park",
    "metro": "Oklahoma City",
    "state": "OK"
  },
  {
    "neighborhood": "Heritage Hills",
    "metro": "Oklahoma City",
    "state": "OK"
  },
  {
    "neighborhood": "Crown Heights",
    "metro": "Oklahoma City",
    "state": "OK"
  },
  {
    "neighborhood": "Edgemere Park",
    "metro": "Oklahoma City",
    "state": "OK"
  },
  {
    "neighborhood": "Nichols Hills",
    "metro": "Oklahoma City",
    "state": "OK"
  },
  {
    "neighborhood": "Lake Hefner",
    "metro": "Oklahoma City",
    "state": "OK"
  },
  {
    "neighborhood": "Quail Springs",
    "metro": "Oklahoma City",
    "state": "OK"
  },
  {
    "neighborhood": "Memorial Square",
    "metro": "Oklahoma City",
    "state": "OK"
  },
  {
    "neighborhood": "Deer Creek",
    "metro": "Oklahoma City",
    "state": "OK"
  },
  {
    "neighborhood": "Downtown Louisville",
    "metro": "Louisville",
    "state": "KY"
  },
  {
    "neighborhood": "NuLu",
    "metro": "Louisville",
    "state": "KY"
  },
  {
    "neighborhood": "Butchertown",
    "metro": "Louisville",
    "state": "KY"
  },
  {
    "neighborhood": "Phoenix Hill",
    "metro": "Louisville",
    "state": "KY"
  },
  {
    "neighborhood": "Old Louisville",
    "metro": "Louisville",
    "state": "KY"
  },
  {
    "neighborhood": "Limerick",
    "metro": "Louisville",
    "state": "KY"
  },
  {
    "neighborhood": "Schnitzelburg",
    "metro": "Louisville",
    "state": "KY"
  },
  {
    "neighborhood": "Cherokee Triangle",
    "metro": "Louisville",
    "state": "KY"
  },
  {
    "neighborhood": "Crescent Hill",
    "metro": "Louisville",
    "state": "KY"
  },
  {
    "neighborhood": "St. Matthews",
    "metro": "Louisville",
    "state": "KY"
  },
  {
    "neighborhood": "Norton Commons",
    "metro": "Louisville",
    "state": "KY"
  },
  {
    "neighborhood": "South End",
    "metro": "Louisville",
    "state": "KY"
  },
  {
    "neighborhood": "Fairdale",
    "metro": "Louisville",
    "state": "KY"
  },
  {
    "neighborhood": "Fern Creek",
    "metro": "Louisville",
    "state": "KY"
  },
  {
    "neighborhood": "Audubon Park",
    "metro": "Louisville",
    "state": "KY"
  },
  {
    "neighborhood": "Downtown Milwaukee",
    "metro": "Milwaukee",
    "state": "WI"
  },
  {
    "neighborhood": "Third Ward",
    "metro": "Milwaukee",
    "state": "WI"
  },
  {
    "neighborhood": "Walker's Point",
    "metro": "Milwaukee",
    "state": "WI"
  },
  {
    "neighborhood": "Fifth Ward",
    "metro": "Milwaukee",
    "state": "WI"
  },
  {
    "neighborhood": "Harbor District",
    "metro": "Milwaukee",
    "state": "WI"
  },
  {
    "neighborhood": "Lower East Side",
    "metro": "Milwaukee",
    "state": "WI"
  },
  {
    "neighborhood": "Upper East Side",
    "metro": "Milwaukee",
    "state": "WI"
  },
  {
    "neighborhood": "Downer Woods",
    "metro": "Milwaukee",
    "state": "WI"
  },
  {
    "neighborhood": "River Hills",
    "metro": "Milwaukee",
    "state": "WI"
  },
  {
    "neighborhood": "Riverwest",
    "metro": "Milwaukee",
    "state": "WI"
  },
  {
    "neighborhood": "Brewers Hill",
    "metro": "Milwaukee",
    "state": "WI"
  },
  {
    "neighborhood": "Harambee",
    "metro": "Milwaukee",
    "state": "WI"
  },
  {
    "neighborhood": "Halyard Park",
    "metro": "Milwaukee",
    "state": "WI"
  },
  {
    "neighborhood": "Brewer's Hill",
    "metro": "Milwaukee",
    "state": "WI"
  },
  {
    "neighborhood": "Tippecanoe",
    "metro": "Milwaukee",
    "state": "WI"
  },
  {
    "neighborhood": "Fernwood",
    "metro": "Milwaukee",
    "state": "WI"
  },
  {
    "neighborhood": "St. Francis",
    "metro": "Milwaukee",
    "state": "WI"
  },
  {
    "neighborhood": "Washington Heights",
    "metro": "Milwaukee",
    "state": "WI"
  },
  {
    "neighborhood": "Story Hill",
    "metro": "Milwaukee",
    "state": "WI"
  },
  {
    "neighborhood": "Lincoln Village",
    "metro": "Milwaukee",
    "state": "WI"
  },
  {
    "neighborhood": "Clarke Square",
    "metro": "Milwaukee",
    "state": "WI"
  },
  {
    "neighborhood": "Mitchell Street",
    "metro": "Milwaukee",
    "state": "WI"
  },
  {
    "neighborhood": "Historic Mitchell Street",
    "metro": "Milwaukee",
    "state": "WI"
  },
  {
    "neighborhood": "Downtown Albuquerque",
    "metro": "Albuquerque",
    "state": "NM"
  },
  {
    "neighborhood": "Barelas",
    "metro": "Albuquerque",
    "state": "NM"
  },
  {
    "neighborhood": "Huning Highland",
    "metro": "Albuquerque",
    "state": "NM"
  },
  {
    "neighborhood": "Journal Center",
    "metro": "Albuquerque",
    "state": "NM"
  },
  {
    "neighborhood": "North Valley",
    "metro": "Albuquerque",
    "state": "NM"
  },
  {
    "neighborhood": "Paradise Hills",
    "metro": "Albuquerque",
    "state": "NM"
  },
  {
    "neighborhood": "Sandia Heights",
    "metro": "Albuquerque",
    "state": "NM"
  },
  {
    "neighborhood": "Tanoan",
    "metro": "Albuquerque",
    "state": "NM"
  },
  {
    "neighborhood": "Four Hills",
    "metro": "Albuquerque",
    "state": "NM"
  },
  {
    "neighborhood": "Manzano Mesa",
    "metro": "Albuquerque",
    "state": "NM"
  },
  {
    "neighborhood": "South Valley",
    "metro": "Albuquerque",
    "state": "NM"
  },
  {
    "neighborhood": "Downtown Tucson",
    "metro": "Tucson",
    "state": "AZ"
  },
  {
    "neighborhood": "Fourth Avenue",
    "metro": "Tucson",
    "state": "AZ"
  },
  {
    "neighborhood": "Main Gate",
    "metro": "Tucson",
    "state": "AZ"
  },
  {
    "neighborhood": "West University",
    "metro": "Tucson",
    "state": "AZ"
  },
  {
    "neighborhood": "Armory Park",
    "metro": "Tucson",
    "state": "AZ"
  },
  {
    "neighborhood": "Barrio Viejo",
    "metro": "Tucson",
    "state": "AZ"
  },
  {
    "neighborhood": "El Presidio",
    "metro": "Tucson",
    "state": "AZ"
  },
  {
    "neighborhood": "Dunbar Spring",
    "metro": "Tucson",
    "state": "AZ"
  },
  {
    "neighborhood": "Sam Hughes",
    "metro": "Tucson",
    "state": "AZ"
  },
  {
    "neighborhood": "El Encanto",
    "metro": "Tucson",
    "state": "AZ"
  },
  {
    "neighborhood": "Catalina Foothills",
    "metro": "Tucson",
    "state": "AZ"
  },
  {
    "neighborhood": "Rita Ranch",
    "metro": "Tucson",
    "state": "AZ"
  },
  {
    "neighborhood": "Sahuarita",
    "metro": "Tucson",
    "state": "AZ"
  },
  {
    "neighborhood": "Downtown Atlanta",
    "metro": "Atlanta",
    "state": "GA"
  },
  {
    "neighborhood": "Fairlie-Poplar",
    "metro": "Atlanta",
    "state": "GA"
  },
  {
    "neighborhood": "South Downtown",
    "metro": "Atlanta",
    "state": "GA"
  },
  {
    "neighborhood": "Castleberry Hill",
    "metro": "Atlanta",
    "state": "GA"
  },
  {
    "neighborhood": "Ansley Park",
    "metro": "Atlanta",
    "state": "GA"
  },
  {
    "neighborhood": "Piedmont Park",
    "metro": "Atlanta",
    "state": "GA"
  },
  {
    "neighborhood": "Virginia-Highland",
    "metro": "Atlanta",
    "state": "GA"
  },
  {
    "neighborhood": "Poncey-Highland",
    "metro": "Atlanta",
    "state": "GA"
  },
  {
    "neighborhood": "Inman Park",
    "metro": "Atlanta",
    "state": "GA"
  },
  {
    "neighborhood": "Old Fourth Ward",
    "metro": "Atlanta",
    "state": "GA"
  },
  {
    "neighborhood": "Cabbagetown",
    "metro": "Atlanta",
    "state": "GA"
  },
  {
    "neighborhood": "Reynoldstown",
    "metro": "Atlanta",
    "state": "GA"
  },
  {
    "neighborhood": "East Atlanta",
    "metro": "Atlanta",
    "state": "GA"
  },
  {
    "neighborhood": "East Atlanta Village",
    "metro": "Atlanta",
    "state": "GA"
  },
  {
    "neighborhood": "Grant Park",
    "metro": "Atlanta",
    "state": "GA"
  },
  {
    "neighborhood": "Ormewood Park",
    "metro": "Atlanta",
    "state": "GA"
  },
  {
    "neighborhood": "Peoplestown",
    "metro": "Atlanta",
    "state": "GA"
  },
  {
    "neighborhood": "Adair Park",
    "metro": "Atlanta",
    "state": "GA"
  },
  {
    "neighborhood": "Mozley Park",
    "metro": "Atlanta",
    "state": "GA"
  },
  {
    "neighborhood": "Vine City",
    "metro": "Atlanta",
    "state": "GA"
  },
  {
    "neighborhood": "English Avenue",
    "metro": "Atlanta",
    "state": "GA"
  },
  {
    "neighborhood": "Grove Park",
    "metro": "Atlanta",
    "state": "GA"
  },
  {
    "neighborhood": "Chastain Park",
    "metro": "Atlanta",
    "state": "GA"
  },
  {
    "neighborhood": "Garden Hills",
    "metro": "Atlanta",
    "state": "GA"
  },
  {
    "neighborhood": "Downtown Sacramento",
    "metro": "Sacramento",
    "state": "CA"
  },
  {
    "neighborhood": "Lavender Heights",
    "metro": "Sacramento",
    "state": "CA"
  },
  {
    "neighborhood": "Boulevard Park",
    "metro": "Sacramento",
    "state": "CA"
  },
  {
    "neighborhood": "New Era Park",
    "metro": "Sacramento",
    "state": "CA"
  },
  {
    "neighborhood": "Mansion Flats",
    "metro": "Sacramento",
    "state": "CA"
  },
  {
    "neighborhood": "Alkali Flat",
    "metro": "Sacramento",
    "state": "CA"
  },
  {
    "neighborhood": "Handle District",
    "metro": "Sacramento",
    "state": "CA"
  },
  {
    "neighborhood": "Tahoe Park",
    "metro": "Sacramento",
    "state": "CA"
  },
  {
    "neighborhood": "East Sacramento",
    "metro": "Sacramento",
    "state": "CA"
  },
  {
    "neighborhood": "McKinley Park",
    "metro": "Sacramento",
    "state": "CA"
  },
  {
    "neighborhood": "Tahoe Park",
    "metro": "Sacramento",
    "state": "CA"
  },
  {
    "neighborhood": "Curtis Park",
    "metro": "Sacramento",
    "state": "CA"
  },
  {
    "neighborhood": "South Land Park",
    "metro": "Sacramento",
    "state": "CA"
  },
  {
    "neighborhood": "Pocket",
    "metro": "Sacramento",
    "state": "CA"
  },
  {
    "neighborhood": "North Sacramento",
    "metro": "Sacramento",
    "state": "CA"
  },
  {
    "neighborhood": "Del Paso Heights",
    "metro": "Sacramento",
    "state": "CA"
  },
  {
    "neighborhood": "Hagginwood",
    "metro": "Sacramento",
    "state": "CA"
  },
  {
    "neighborhood": "South Natomas",
    "metro": "Sacramento",
    "state": "CA"
  },
  {
    "neighborhood": "North Natomas",
    "metro": "Sacramento",
    "state": "CA"
  },
  {
    "neighborhood": "Arden-Arcade",
    "metro": "Sacramento",
    "state": "CA"
  },
  {
    "neighborhood": "Downtown Kansas City",
    "metro": "Kansas City",
    "state": "MO"
  },
  {
    "neighborhood": "Power & Light",
    "metro": "Kansas City",
    "state": "MO"
  },
  {
    "neighborhood": "Crown Center",
    "metro": "Kansas City",
    "state": "MO"
  },
  {
    "neighborhood": "Roeland Park",
    "metro": "Kansas City",
    "state": "MO"
  },
  {
    "neighborhood": "Columbus Park",
    "metro": "Kansas City",
    "state": "MO"
  },
  {
    "neighborhood": "Raytown",
    "metro": "Kansas City",
    "state": "MO"
  },
  {
    "neighborhood": "Volker",
    "metro": "Kansas City",
    "state": "MO"
  },
  {
    "neighborhood": "West Bottoms",
    "metro": "Kansas City",
    "state": "MO"
  },
  {
    "neighborhood": "Quality Hill",
    "metro": "Kansas City",
    "state": "MO"
  },
  {
    "neighborhood": "Pendleton Heights",
    "metro": "Kansas City",
    "state": "MO"
  },
  {
    "neighborhood": "18th & Vine",
    "metro": "Kansas City",
    "state": "MO"
  },
  {
    "neighborhood": "Downtown Fresno",
    "metro": "Fresno",
    "state": "CA"
  },
  {
    "neighborhood": "Tower District",
    "metro": "Fresno",
    "state": "CA"
  },
  {
    "neighborhood": "Mural District",
    "metro": "Fresno",
    "state": "CA"
  },
  {
    "neighborhood": "Cultural Arts District",
    "metro": "Fresno",
    "state": "CA"
  },
  {
    "neighborhood": "Fresno High",
    "metro": "Fresno",
    "state": "CA"
  },
  {
    "neighborhood": "McLane",
    "metro": "Fresno",
    "state": "CA"
  },
  {
    "neighborhood": "Fig Garden",
    "metro": "Fresno",
    "state": "CA"
  },
  {
    "neighborhood": "Woodward Park",
    "metro": "Fresno",
    "state": "CA"
  },
  {
    "neighborhood": "Old Town Clovis",
    "metro": "Fresno",
    "state": "CA"
  },
  {
    "neighborhood": "West Fresno",
    "metro": "Fresno",
    "state": "CA"
  },
  {
    "neighborhood": "Southwest Fresno",
    "metro": "Fresno",
    "state": "CA"
  },
  {
    "neighborhood": "Southeast Fresno",
    "metro": "Fresno",
    "state": "CA"
  },
  {
    "neighborhood": "Downtown Long Beach",
    "metro": "Long Beach",
    "state": "CA"
  },
  {
    "neighborhood": "East Village Arts District",
    "metro": "Long Beach",
    "state": "CA"
  },
  {
    "neighborhood": "Pine Avenue",
    "metro": "Long Beach",
    "state": "CA"
  },
  {
    "neighborhood": "The Pike",
    "metro": "Long Beach",
    "state": "CA"
  },
  {
    "neighborhood": "Alamitos Beach",
    "metro": "Long Beach",
    "state": "CA"
  },
  {
    "neighborhood": "Bluff Park",
    "metro": "Long Beach",
    "state": "CA"
  },
  {
    "neighborhood": "Belmont Shore",
    "metro": "Long Beach",
    "state": "CA"
  },
  {
    "neighborhood": "Belmont Heights",
    "metro": "Long Beach",
    "state": "CA"
  },
  {
    "neighborhood": "Bixby Knolls",
    "metro": "Long Beach",
    "state": "CA"
  },
  {
    "neighborhood": "California Heights",
    "metro": "Long Beach",
    "state": "CA"
  },
  {
    "neighborhood": "Wrigley",
    "metro": "Long Beach",
    "state": "CA"
  },
  {
    "neighborhood": "Cambodia Town",
    "metro": "Long Beach",
    "state": "CA"
  },
  {
    "neighborhood": "Zaferia",
    "metro": "Long Beach",
    "state": "CA"
  },
  {
    "neighborhood": "Traffic Circle",
    "metro": "Long Beach",
    "state": "CA"
  },
  {
    "neighborhood": "Lakewood Village",
    "metro": "Long Beach",
    "state": "CA"
  },
  {
    "neighborhood": "El Dorado Park",
    "metro": "Long Beach",
    "state": "CA"
  },
  {
    "neighborhood": "Downtown Miami",
    "metro": "Miami",
    "state": "FL"
  },
  {
    "neighborhood": "Mary Brickell Village",
    "metro": "Miami",
    "state": "FL"
  },
  {
    "neighborhood": "Wynwood",
    "metro": "Miami",
    "state": "FL"
  },
  {
    "neighborhood": "Design District",
    "metro": "Miami",
    "state": "FL"
  },
  {
    "neighborhood": "Little Haiti",
    "metro": "Miami",
    "state": "FL"
  },
  {
    "neighborhood": "Upper East Side",
    "metro": "Miami",
    "state": "FL"
  },
  {
    "neighborhood": "MiMo District",
    "metro": "Miami",
    "state": "FL"
  },
  {
    "neighborhood": "The Falls",
    "metro": "Miami",
    "state": "FL"
  },
  {
    "neighborhood": "Florida City",
    "metro": "Miami",
    "state": "FL"
  },
  {
    "neighborhood": "South Beach",
    "metro": "Miami",
    "state": "FL"
  },
  {
    "neighborhood": "Mid-Beach",
    "metro": "Miami",
    "state": "FL"
  },
  {
    "neighborhood": "North Beach",
    "metro": "Miami",
    "state": "FL"
  },
  {
    "neighborhood": "Little Havana",
    "metro": "Miami",
    "state": "FL"
  },
  {
    "neighborhood": "Flagami",
    "metro": "Miami",
    "state": "FL"
  },
  {
    "neighborhood": "West Miami",
    "metro": "Miami",
    "state": "FL"
  },
  {
    "neighborhood": "Downtown Minneapolis",
    "metro": "Minneapolis",
    "state": "MN"
  },
  {
    "neighborhood": "North Loop",
    "metro": "Minneapolis",
    "state": "MN"
  },
  {
    "neighborhood": "Warehouse District",
    "metro": "Minneapolis",
    "state": "MN"
  },
  {
    "neighborhood": "Loring Park",
    "metro": "Minneapolis",
    "state": "MN"
  },
  {
    "neighborhood": "Elliot Park",
    "metro": "Minneapolis",
    "state": "MN"
  },
  {
    "neighborhood": "Downtown East",
    "metro": "Minneapolis",
    "state": "MN"
  },
  {
    "neighborhood": "Mill District",
    "metro": "Minneapolis",
    "state": "MN"
  },
  {
    "neighborhood": "Marcy-Holmes",
    "metro": "Minneapolis",
    "state": "MN"
  },
  {
    "neighborhood": "Dinkytown",
    "metro": "Minneapolis",
    "state": "MN"
  },
  {
    "neighborhood": "Stadium Village",
    "metro": "Minneapolis",
    "state": "MN"
  },
  {
    "neighborhood": "Cedar-Riverside",
    "metro": "Minneapolis",
    "state": "MN"
  },
  {
    "neighborhood": "Lyn-Lake",
    "metro": "Minneapolis",
    "state": "MN"
  },
  {
    "neighborhood": "Lowry Hill",
    "metro": "Minneapolis",
    "state": "MN"
  },
  {
    "neighborhood": "Lowry Hill East",
    "metro": "Minneapolis",
    "state": "MN"
  },
  {
    "neighborhood": "Stevens Square",
    "metro": "Minneapolis",
    "state": "MN"
  },
  {
    "neighborhood": "Linden Hills",
    "metro": "Minneapolis",
    "state": "MN"
  },
  {
    "neighborhood": "Lynnhurst",
    "metro": "Minneapolis",
    "state": "MN"
  },
  {
    "neighborhood": "Tangletown",
    "metro": "Minneapolis",
    "state": "MN"
  },
  {
    "neighborhood": "CARAG",
    "metro": "Minneapolis",
    "state": "MN"
  },
  {
    "neighborhood": "East Harriet",
    "metro": "Minneapolis",
    "state": "MN"
  },
  {
    "neighborhood": "Northeast Minneapolis",
    "metro": "Minneapolis",
    "state": "MN"
  },
  {
    "neighborhood": "St. Anthony Main",
    "metro": "Minneapolis",
    "state": "MN"
  },
  {
    "neighborhood": "Beltrami",
    "metro": "Minneapolis",
    "state": "MN"
  },
  {
    "neighborhood": "Logan Park",
    "metro": "Minneapolis",
    "state": "MN"
  },
  {
    "neighborhood": "Audubon Park",
    "metro": "Minneapolis",
    "state": "MN"
  },
  {
    "neighborhood": "Windom Park",
    "metro": "Minneapolis",
    "state": "MN"
  },
  {
    "neighborhood": "Marshall Terrace",
    "metro": "Minneapolis",
    "state": "MN"
  },
  {
    "neighborhood": "North Minneapolis",
    "metro": "Minneapolis",
    "state": "MN"
  },
  {
    "neighborhood": "Willard-Hay",
    "metro": "Minneapolis",
    "state": "MN"
  },
  {
    "neighborhood": "St. Louis Park",
    "metro": "Minneapolis",
    "state": "MN"
  },
  {
    "neighborhood": "St. Paul",
    "metro": "Minneapolis",
    "state": "MN"
  },
  {
    "neighborhood": "Cathedral Hill",
    "metro": "Minneapolis",
    "state": "MN"
  },
  {
    "neighborhood": "Summit Hill",
    "metro": "Minneapolis",
    "state": "MN"
  },
  {
    "neighborhood": "Crocus Hill",
    "metro": "Minneapolis",
    "state": "MN"
  },
  {
    "neighborhood": "Mac-Groveland",
    "metro": "Minneapolis",
    "state": "MN"
  },
  {
    "neighborhood": "Merriam Park",
    "metro": "Minneapolis",
    "state": "MN"
  },
  {
    "neighborhood": "Como Park",
    "metro": "Minneapolis",
    "state": "MN"
  },
  {
    "neighborhood": "Hamline-Midway",
    "metro": "Minneapolis",
    "state": "MN"
  },
  {
    "neighborhood": "Downtown Raleigh",
    "metro": "Raleigh",
    "state": "NC"
  },
  {
    "neighborhood": "Warehouse District",
    "metro": "Raleigh",
    "state": "NC"
  },
  {
    "neighborhood": "Glenwood South",
    "metro": "Raleigh",
    "state": "NC"
  },
  {
    "neighborhood": "Moore Square",
    "metro": "Raleigh",
    "state": "NC"
  },
  {
    "neighborhood": "Fayetteville Street",
    "metro": "Raleigh",
    "state": "NC"
  },
  {
    "neighborhood": "Person Street",
    "metro": "Raleigh",
    "state": "NC"
  },
  {
    "neighborhood": "Mordecai",
    "metro": "Raleigh",
    "state": "NC"
  },
  {
    "neighborhood": "Historic Oakwood",
    "metro": "Raleigh",
    "state": "NC"
  },
  {
    "neighborhood": "Hayes Barton",
    "metro": "Raleigh",
    "state": "NC"
  },
  {
    "neighborhood": "Five Points",
    "metro": "Raleigh",
    "state": "NC"
  },
  {
    "neighborhood": "Cameron Park",
    "metro": "Raleigh",
    "state": "NC"
  },
  {
    "neighborhood": "Boylan Heights",
    "metro": "Raleigh",
    "state": "NC"
  },
  {
    "neighborhood": "Historic Boylan Heights",
    "metro": "Raleigh",
    "state": "NC"
  },
  {
    "neighborhood": "ITB",
    "metro": "Raleigh",
    "state": "NC"
  },
  {
    "neighborhood": "Cameron Village",
    "metro": "Raleigh",
    "state": "NC"
  },
  {
    "neighborhood": "Wade Avenue",
    "metro": "Raleigh",
    "state": "NC"
  },
  {
    "neighborhood": "Hillsborough Street",
    "metro": "Raleigh",
    "state": "NC"
  },
  {
    "neighborhood": "NC State",
    "metro": "Raleigh",
    "state": "NC"
  },
  {
    "neighborhood": "Western Boulevard",
    "metro": "Raleigh",
    "state": "NC"
  },
  {
    "neighborhood": "Avent West",
    "metro": "Raleigh",
    "state": "NC"
  },
  {
    "neighborhood": "Pullen Park",
    "metro": "Raleigh",
    "state": "NC"
  },
  {
    "neighborhood": "Method",
    "metro": "Raleigh",
    "state": "NC"
  },
  {
    "neighborhood": "Knightdale",
    "metro": "Raleigh",
    "state": "NC"
  },
  {
    "neighborhood": "French Quarter",
    "metro": "New Orleans",
    "state": "LA"
  },
  {
    "neighborhood": "Bywater",
    "metro": "New Orleans",
    "state": "LA"
  },
  {
    "neighborhood": "St. Claude",
    "metro": "New Orleans",
    "state": "LA"
  },
  {
    "neighborhood": "St. Roch",
    "metro": "New Orleans",
    "state": "LA"
  },
  {
    "neighborhood": "Treme",
    "metro": "New Orleans",
    "state": "LA"
  },
  {
    "neighborhood": "CBD",
    "metro": "New Orleans",
    "state": "LA"
  },
  {
    "neighborhood": "Warehouse District",
    "metro": "New Orleans",
    "state": "LA"
  },
  {
    "neighborhood": "Arts District",
    "metro": "New Orleans",
    "state": "LA"
  },
  {
    "neighborhood": "Lower Garden District",
    "metro": "New Orleans",
    "state": "LA"
  },
  {
    "neighborhood": "Garden District",
    "metro": "New Orleans",
    "state": "LA"
  },
  {
    "neighborhood": "Irish Channel",
    "metro": "New Orleans",
    "state": "LA"
  },
  {
    "neighborhood": "Magazine Street",
    "metro": "New Orleans",
    "state": "LA"
  },
  {
    "neighborhood": "Mid-City",
    "metro": "New Orleans",
    "state": "LA"
  },
  {
    "neighborhood": "Bayou St. John",
    "metro": "New Orleans",
    "state": "LA"
  },
  {
    "neighborhood": "Esplanade Ridge",
    "metro": "New Orleans",
    "state": "LA"
  },
  {
    "neighborhood": "Bucktown",
    "metro": "New Orleans",
    "state": "LA"
  },
  {
    "neighborhood": "Old Metairie",
    "metro": "New Orleans",
    "state": "LA"
  },
  {
    "neighborhood": "Algiers",
    "metro": "New Orleans",
    "state": "LA"
  },
  {
    "neighborhood": "Algiers Point",
    "metro": "New Orleans",
    "state": "LA"
  },
  {
    "neighborhood": "Downtown Tampa",
    "metro": "Tampa",
    "state": "FL"
  },
  {
    "neighborhood": "Channel District",
    "metro": "Tampa",
    "state": "FL"
  },
  {
    "neighborhood": "Ybor City",
    "metro": "Tampa",
    "state": "FL"
  },
  {
    "neighborhood": "Tampa Heights",
    "metro": "Tampa",
    "state": "FL"
  },
  {
    "neighborhood": "Seminole Heights",
    "metro": "Tampa",
    "state": "FL"
  },
  {
    "neighborhood": "Old Seminole Heights",
    "metro": "Tampa",
    "state": "FL"
  },
  {
    "neighborhood": "Riverside Heights",
    "metro": "Tampa",
    "state": "FL"
  },
  {
    "neighborhood": "Historic Ybor",
    "metro": "Tampa",
    "state": "FL"
  },
  {
    "neighborhood": "V.M. Ybor",
    "metro": "Tampa",
    "state": "FL"
  },
  {
    "neighborhood": "West Tampa",
    "metro": "Tampa",
    "state": "FL"
  },
  {
    "neighborhood": "SoHo",
    "metro": "Tampa",
    "state": "FL"
  },
  {
    "neighborhood": "Palma Ceia",
    "metro": "Tampa",
    "state": "FL"
  },
  {
    "neighborhood": "Beach Park",
    "metro": "Tampa",
    "state": "FL"
  },
  {
    "neighborhood": "Davis Islands",
    "metro": "Tampa",
    "state": "FL"
  },
  {
    "neighborhood": "Interbay",
    "metro": "Tampa",
    "state": "FL"
  },
  {
    "neighborhood": "Ballast Point",
    "metro": "Tampa",
    "state": "FL"
  },
  {
    "neighborhood": "South Tampa",
    "metro": "Tampa",
    "state": "FL"
  },
  {
    "neighborhood": "Carrollwood",
    "metro": "Tampa",
    "state": "FL"
  },
  {
    "neighborhood": "Citrus Park",
    "metro": "Tampa",
    "state": "FL"
  },
  {
    "neighborhood": "FishHawk",
    "metro": "Tampa",
    "state": "FL"
  },
  {
    "neighborhood": "Downtown St. Pete",
    "metro": "Tampa",
    "state": "FL"
  },
  {
    "neighborhood": "Edge District",
    "metro": "Tampa",
    "state": "FL"
  },
  {
    "neighborhood": "Old Northeast",
    "metro": "Tampa",
    "state": "FL"
  },
  {
    "neighborhood": "Crescent Heights",
    "metro": "Tampa",
    "state": "FL"
  },
  {
    "neighborhood": "Crescent Lake",
    "metro": "Tampa",
    "state": "FL"
  },
  {
    "neighborhood": "Town 'n' Country",
    "metro": "Tampa",
    "state": "FL"
  },
  {
    "neighborhood": "Downtown Honolulu",
    "metro": "Honolulu",
    "state": "HI"
  },
  {
    "neighborhood": "Chinatown",
    "metro": "Honolulu",
    "state": "HI"
  },
  {
    "neighborhood": "Kakaako",
    "metro": "Honolulu",
    "state": "HI"
  },
  {
    "neighborhood": "Diamond Head",
    "metro": "Honolulu",
    "state": "HI"
  },
  {
    "neighborhood": "Kahala",
    "metro": "Honolulu",
    "state": "HI"
  },
  {
    "neighborhood": "Kaimuki",
    "metro": "Honolulu",
    "state": "HI"
  },
  {
    "neighborhood": "Moiliili",
    "metro": "Honolulu",
    "state": "HI"
  },
  {
    "neighborhood": "Makiki",
    "metro": "Honolulu",
    "state": "HI"
  },
  {
    "neighborhood": "Pacific Heights",
    "metro": "Honolulu",
    "state": "HI"
  },
  {
    "neighborhood": "Tantalus",
    "metro": "Honolulu",
    "state": "HI"
  },
  {
    "neighborhood": "Punchbowl",
    "metro": "Honolulu",
    "state": "HI"
  },
  {
    "neighborhood": "Kalihi",
    "metro": "Honolulu",
    "state": "HI"
  },
  {
    "neighborhood": "Hawaii Kai",
    "metro": "Honolulu",
    "state": "HI"
  },
  {
    "neighborhood": "Downtown Cleveland",
    "metro": "Cleveland",
    "state": "OH"
  },
  {
    "neighborhood": "Warehouse District",
    "metro": "Cleveland",
    "state": "OH"
  },
  {
    "neighborhood": "Flats East Bank",
    "metro": "Cleveland",
    "state": "OH"
  },
  {
    "neighborhood": "Ohio City",
    "metro": "Cleveland",
    "state": "OH"
  },
  {
    "neighborhood": "Detroit Shoreway",
    "metro": "Cleveland",
    "state": "OH"
  },
  {
    "neighborhood": "Cudell",
    "metro": "Cleveland",
    "state": "OH"
  },
  {
    "neighborhood": "West Boulevard",
    "metro": "Cleveland",
    "state": "OH"
  },
  {
    "neighborhood": "University Circle",
    "metro": "Cleveland",
    "state": "OH"
  },
  {
    "neighborhood": "Little Italy",
    "metro": "Cleveland",
    "state": "OH"
  },
  {
    "neighborhood": "Glenville",
    "metro": "Cleveland",
    "state": "OH"
  },
  {
    "neighborhood": "Lee-Harvard",
    "metro": "Cleveland",
    "state": "OH"
  },
  {
    "neighborhood": "Union-Miles",
    "metro": "Cleveland",
    "state": "OH"
  },
  {
    "neighborhood": "Slavic Village",
    "metro": "Cleveland",
    "state": "OH"
  },
  {
    "neighborhood": "North Collinwood",
    "metro": "Cleveland",
    "state": "OH"
  },
  {
    "neighborhood": "Collinwood",
    "metro": "Cleveland",
    "state": "OH"
  },
  {
    "neighborhood": "East Cleveland",
    "metro": "Cleveland",
    "state": "OH"
  },
  {
    "neighborhood": "Pepper Pike",
    "metro": "Cleveland",
    "state": "OH"
  },
  {
    "neighborhood": "Brook Park",
    "metro": "Cleveland",
    "state": "OH"
  },
  {
    "neighborhood": "Downtown Oakland",
    "metro": "Oakland",
    "state": "CA"
  },
  {
    "neighborhood": "Old Oakland",
    "metro": "Oakland",
    "state": "CA"
  },
  {
    "neighborhood": "Jack London Square",
    "metro": "Oakland",
    "state": "CA"
  },
  {
    "neighborhood": "Chinatown",
    "metro": "Oakland",
    "state": "CA"
  },
  {
    "neighborhood": "Lake Merritt",
    "metro": "Oakland",
    "state": "CA"
  },
  {
    "neighborhood": "Adams Point",
    "metro": "Oakland",
    "state": "CA"
  },
  {
    "neighborhood": "Trestle Glen",
    "metro": "Oakland",
    "state": "CA"
  },
  {
    "neighborhood": "Piedmont Avenue",
    "metro": "Oakland",
    "state": "CA"
  },
  {
    "neighborhood": "Temescal",
    "metro": "Oakland",
    "state": "CA"
  },
  {
    "neighborhood": "Bushrod",
    "metro": "Oakland",
    "state": "CA"
  },
  {
    "neighborhood": "West Oakland",
    "metro": "Oakland",
    "state": "CA"
  },
  {
    "neighborhood": "McClymonds",
    "metro": "Oakland",
    "state": "CA"
  },
  {
    "neighborhood": "North Oakland",
    "metro": "Oakland",
    "state": "CA"
  },
  {
    "neighborhood": "Koreatown-Northgate",
    "metro": "Oakland",
    "state": "CA"
  },
  {
    "neighborhood": "Pill Hill",
    "metro": "Oakland",
    "state": "CA"
  },
  {
    "neighborhood": "Maxwell Park",
    "metro": "Oakland",
    "state": "CA"
  },
  {
    "neighborhood": "East Oakland",
    "metro": "Oakland",
    "state": "CA"
  },
  {
    "neighborhood": "Redwood Heights",
    "metro": "Oakland",
    "state": "CA"
  },
  {
    "neighborhood": "Joaquin Miller",
    "metro": "Oakland",
    "state": "CA"
  },
  {
    "neighborhood": "Downtown Salt Lake City",
    "metro": "Salt Lake City",
    "state": "UT"
  },
  {
    "neighborhood": "The Depot",
    "metro": "Salt Lake City",
    "state": "UT"
  },
  {
    "neighborhood": "Granary District",
    "metro": "Salt Lake City",
    "state": "UT"
  },
  {
    "neighborhood": "Liberty Park",
    "metro": "Salt Lake City",
    "state": "UT"
  },
  {
    "neighborhood": "9th and 9th",
    "metro": "Salt Lake City",
    "state": "UT"
  },
  {
    "neighborhood": "15th and 15th",
    "metro": "Salt Lake City",
    "state": "UT"
  },
  {
    "neighborhood": "Sugar House",
    "metro": "Salt Lake City",
    "state": "UT"
  },
  {
    "neighborhood": "East Central",
    "metro": "Salt Lake City",
    "state": "UT"
  },
  {
    "neighborhood": "The Avenues",
    "metro": "Salt Lake City",
    "state": "UT"
  },
  {
    "neighborhood": "Capitol Hill",
    "metro": "Salt Lake City",
    "state": "UT"
  },
  {
    "neighborhood": "Federal Heights",
    "metro": "Salt Lake City",
    "state": "UT"
  },
  {
    "neighborhood": "Marmalade",
    "metro": "Salt Lake City",
    "state": "UT"
  },
  {
    "neighborhood": "Poplar Grove",
    "metro": "Salt Lake City",
    "state": "UT"
  },
  {
    "neighborhood": "Fairpark",
    "metro": "Salt Lake City",
    "state": "UT"
  },
  {
    "neighborhood": "Jordan Meadows",
    "metro": "Salt Lake City",
    "state": "UT"
  },
  {
    "neighborhood": "University of Utah",
    "metro": "Salt Lake City",
    "state": "UT"
  },
  {
    "neighborhood": "Bonneville Hills",
    "metro": "Salt Lake City",
    "state": "UT"
  },
  {
    "neighborhood": "East Bench",
    "metro": "Salt Lake City",
    "state": "UT"
  },
  {
    "neighborhood": "Downtown Pittsburgh",
    "metro": "Pittsburgh",
    "state": "PA"
  },
  {
    "neighborhood": "Cultural District",
    "metro": "Pittsburgh",
    "state": "PA"
  },
  {
    "neighborhood": "Strip District",
    "metro": "Pittsburgh",
    "state": "PA"
  },
  {
    "neighborhood": "Upper Lawrenceville",
    "metro": "Pittsburgh",
    "state": "PA"
  },
  {
    "neighborhood": "Squirrel Hill",
    "metro": "Pittsburgh",
    "state": "PA"
  },
  {
    "neighborhood": "Point Breeze",
    "metro": "Pittsburgh",
    "state": "PA"
  },
  {
    "neighborhood": "Regent Square",
    "metro": "Pittsburgh",
    "state": "PA"
  },
  {
    "neighborhood": "South Oakland",
    "metro": "Pittsburgh",
    "state": "PA"
  },
  {
    "neighborhood": "North Oakland",
    "metro": "Pittsburgh",
    "state": "PA"
  },
  {
    "neighborhood": "Central Oakland",
    "metro": "Pittsburgh",
    "state": "PA"
  },
  {
    "neighborhood": "Schenley Farms",
    "metro": "Pittsburgh",
    "state": "PA"
  },
  {
    "neighborhood": "South Side Flats",
    "metro": "Pittsburgh",
    "state": "PA"
  },
  {
    "neighborhood": "South Side Slopes",
    "metro": "Pittsburgh",
    "state": "PA"
  },
  {
    "neighborhood": "Mt. Washington",
    "metro": "Pittsburgh",
    "state": "PA"
  },
  {
    "neighborhood": "Duquesne Heights",
    "metro": "Pittsburgh",
    "state": "PA"
  },
  {
    "neighborhood": "Mexican War Streets",
    "metro": "Pittsburgh",
    "state": "PA"
  },
  {
    "neighborhood": "Troy Hill",
    "metro": "Pittsburgh",
    "state": "PA"
  },
  {
    "neighborhood": "Deutschtown",
    "metro": "Pittsburgh",
    "state": "PA"
  },
  {
    "neighborhood": "East Allegheny",
    "metro": "Pittsburgh",
    "state": "PA"
  },
  {
    "neighborhood": "Brighton Heights",
    "metro": "Pittsburgh",
    "state": "PA"
  },
  {
    "neighborhood": "Observatory Hill",
    "metro": "Pittsburgh",
    "state": "PA"
  },
  {
    "neighborhood": "Stanton Heights",
    "metro": "Pittsburgh",
    "state": "PA"
  },
  {
    "neighborhood": "Polish Hill",
    "metro": "Pittsburgh",
    "state": "PA"
  },
  {
    "neighborhood": "Wilkinsburg",
    "metro": "Pittsburgh",
    "state": "PA"
  },
  {
    "neighborhood": "Cranberry Township",
    "metro": "Pittsburgh",
    "state": "PA"
  },
  {
    "neighborhood": "Downtown Cincinnati",
    "metro": "Cincinnati",
    "state": "OH"
  },
  {
    "neighborhood": "Over-the-Rhine",
    "metro": "Cincinnati",
    "state": "OH"
  },
  {
    "neighborhood": "Gateway Quarter",
    "metro": "Cincinnati",
    "state": "OH"
  },
  {
    "neighborhood": "Brewery District",
    "metro": "Cincinnati",
    "state": "OH"
  },
  {
    "neighborhood": "The Banks",
    "metro": "Cincinnati",
    "state": "OH"
  },
  {
    "neighborhood": "Central Business District",
    "metro": "Cincinnati",
    "state": "OH"
  },
  {
    "neighborhood": "Lower Price Hill",
    "metro": "Cincinnati",
    "state": "OH"
  },
  {
    "neighborhood": "East Price Hill",
    "metro": "Cincinnati",
    "state": "OH"
  },
  {
    "neighborhood": "West Price Hill",
    "metro": "Cincinnati",
    "state": "OH"
  },
  {
    "neighborhood": "Sedamsville",
    "metro": "Cincinnati",
    "state": "OH"
  },
  {
    "neighborhood": "Sayler Park",
    "metro": "Cincinnati",
    "state": "OH"
  },
  {
    "neighborhood": "Mount Adams",
    "metro": "Cincinnati",
    "state": "OH"
  },
  {
    "neighborhood": "Columbia Tusculum",
    "metro": "Cincinnati",
    "state": "OH"
  },
  {
    "neighborhood": "Mount Lookout",
    "metro": "Cincinnati",
    "state": "OH"
  },
  {
    "neighborhood": "Mariemont",
    "metro": "Cincinnati",
    "state": "OH"
  },
  {
    "neighborhood": "Kennedy Heights",
    "metro": "Cincinnati",
    "state": "OH"
  },
  {
    "neighborhood": "Corryville",
    "metro": "Cincinnati",
    "state": "OH"
  },
  {
    "neighborhood": "Mount Auburn",
    "metro": "Cincinnati",
    "state": "OH"
  },
  {
    "neighborhood": "Walnut Hills",
    "metro": "Cincinnati",
    "state": "OH"
  },
  {
    "neighborhood": "East Walnut Hills",
    "metro": "Cincinnati",
    "state": "OH"
  },
  {
    "neighborhood": "Camp Washington",
    "metro": "Cincinnati",
    "state": "OH"
  },
  {
    "neighborhood": "Spring Grove Village",
    "metro": "Cincinnati",
    "state": "OH"
  },
  {
    "neighborhood": "Winton Place",
    "metro": "Cincinnati",
    "state": "OH"
  },
  {
    "neighborhood": "Anderson Township",
    "metro": "Cincinnati",
    "state": "OH"
  },
  {
    "neighborhood": "Downtown St. Louis",
    "metro": "St. Louis",
    "state": "MO"
  },
  {
    "neighborhood": "Washington Avenue",
    "metro": "St. Louis",
    "state": "MO"
  },
  {
    "neighborhood": "Laclede's Landing",
    "metro": "St. Louis",
    "state": "MO"
  },
  {
    "neighborhood": "Soulard",
    "metro": "St. Louis",
    "state": "MO"
  },
  {
    "neighborhood": "Benton Park",
    "metro": "St. Louis",
    "state": "MO"
  },
  {
    "neighborhood": "Lafayette Square",
    "metro": "St. Louis",
    "state": "MO"
  },
  {
    "neighborhood": "Compton Heights",
    "metro": "St. Louis",
    "state": "MO"
  },
  {
    "neighborhood": "Tower Grove South",
    "metro": "St. Louis",
    "state": "MO"
  },
  {
    "neighborhood": "Tower Grove East",
    "metro": "St. Louis",
    "state": "MO"
  },
  {
    "neighborhood": "Southwest Garden",
    "metro": "St. Louis",
    "state": "MO"
  },
  {
    "neighborhood": "Dogtown",
    "metro": "St. Louis",
    "state": "MO"
  },
  {
    "neighborhood": "Clayton-Tamm",
    "metro": "St. Louis",
    "state": "MO"
  },
  {
    "neighborhood": "Franz Park",
    "metro": "St. Louis",
    "state": "MO"
  },
  {
    "neighborhood": "Central West End",
    "metro": "St. Louis",
    "state": "MO"
  },
  {
    "neighborhood": "Forest Park Southeast",
    "metro": "St. Louis",
    "state": "MO"
  },
  {
    "neighborhood": "Botanical Heights",
    "metro": "St. Louis",
    "state": "MO"
  },
  {
    "neighborhood": "McRee Town",
    "metro": "St. Louis",
    "state": "MO"
  },
  {
    "neighborhood": "Delmar Loop",
    "metro": "St. Louis",
    "state": "MO"
  },
  {
    "neighborhood": "Skinker DeBaliviere",
    "metro": "St. Louis",
    "state": "MO"
  },
  {
    "neighborhood": "DeBaliviere Place",
    "metro": "St. Louis",
    "state": "MO"
  },
  {
    "neighborhood": "Grand Center",
    "metro": "St. Louis",
    "state": "MO"
  },
  {
    "neighborhood": "Jeff Vanderlou",
    "metro": "St. Louis",
    "state": "MO"
  },
  {
    "neighborhood": "Covenant Blu",
    "metro": "St. Louis",
    "state": "MO"
  },
  {
    "neighborhood": "Old North St. Louis",
    "metro": "St. Louis",
    "state": "MO"
  },
  {
    "neighborhood": "Princeton Heights",
    "metro": "St. Louis",
    "state": "MO"
  },
  {
    "neighborhood": "Downtown Orlando",
    "metro": "Orlando",
    "state": "FL"
  },
  {
    "neighborhood": "Thornton Park",
    "metro": "Orlando",
    "state": "FL"
  },
  {
    "neighborhood": "Lake Eola Heights",
    "metro": "Orlando",
    "state": "FL"
  },
  {
    "neighborhood": "North Quarter",
    "metro": "Orlando",
    "state": "FL"
  },
  {
    "neighborhood": "Parramore",
    "metro": "Orlando",
    "state": "FL"
  },
  {
    "neighborhood": "SoDo",
    "metro": "Orlando",
    "state": "FL"
  },
  {
    "neighborhood": "Milk District",
    "metro": "Orlando",
    "state": "FL"
  },
  {
    "neighborhood": "Audubon Park",
    "metro": "Orlando",
    "state": "FL"
  },
  {
    "neighborhood": "Ivanhoe Village",
    "metro": "Orlando",
    "state": "FL"
  },
  {
    "neighborhood": "SODO",
    "metro": "Orlando",
    "state": "FL"
  },
  {
    "neighborhood": "Mills 50",
    "metro": "Orlando",
    "state": "FL"
  },
  {
    "neighborhood": "Colonialtown",
    "metro": "Orlando",
    "state": "FL"
  },
  {
    "neighborhood": "Lake Nona",
    "metro": "Orlando",
    "state": "FL"
  },
  {
    "neighborhood": "Dr. Phillips",
    "metro": "Orlando",
    "state": "FL"
  },
  {
    "neighborhood": "Hunters Creek",
    "metro": "Orlando",
    "state": "FL"
  }
]