{
  "generated": "2026-01-28T16:51:19.314Z",
  "totalMetros": 48,
  "totalNeighborhoods": 2092,
  "metros": {
    "New York": {
      "state": "NY",
      "neighborhoods": [
        "Lower East Side",
        "East Village",
        "West Village",
        "Greenwich Village",
        "SoHo",
        "Tribeca",
        "NoHo",
        "Nolita",
        "Chinatown",
        "Little Italy",
        "Financial District",
        "Battery Park City",
        "Chelsea",
        "Flatiron",
        "Gramercy",
        "Kips Bay",
        "Murray Hill",
        "Midtown East",
        "Midtown West",
        "Hell's Kitchen",
        "Times Square",
        "Theater District",
        "Columbus Circle",
        "Lincoln Square",
        "Upper West Side",
        "Upper East Side",
        "Yorkville",
        "Carnegie Hill",
        "East Harlem",
        "Harlem",
        "Morningside Heights",
        "Washington Heights",
        "Inwood",
        "Williamsburg",
        "Bushwick",
        "Greenpoint",
        "Park Slope",
        "Cobble Hill",
        "Carroll Gardens",
        "Boerum Hill",
        "Brooklyn Heights",
        "DUMBO",
        "Vinegar Hill",
        "Fort Greene",
        "Clinton Hill",
        "Bed-Stuy",
        "Crown Heights",
        "Prospect Heights",
        "Flatbush",
        "Ditmas Park",
        "Kensington",
        "Windsor Terrace",
        "Sunset Park",
        "Red Hook",
        "Gowanus",
        "Bay Ridge",
        "Bensonhurst",
        "Borough Park",
        "Sheepshead Bay",
        "Brighton Beach",
        "Coney Island",
        "Gravesend",
        "Astoria",
        "Long Island City",
        "Sunnyside",
        "Woodside",
        "Jackson Heights",
        "Elmhurst",
        "Corona",
        "Flushing",
        "Forest Hills",
        "Rego Park",
        "Kew Gardens",
        "Jamaica",
        "Ridgewood",
        "Glendale",
        "Middle Village",
        "Maspeth",
        "Bayside",
        "Whitestone",
        "College Point",
        "South Bronx",
        "Mott Haven",
        "Hunts Point",
        "Morrisania",
        "Highbridge",
        "Concourse",
        "Fordham",
        "Belmont",
        "Tremont",
        "Bronx Park",
        "Pelham Bay",
        "Throgs Neck",
        "Riverdale",
        "Kingsbridge",
        "Norwood",
        "Woodlawn",
        "St. George",
        "Stapleton",
        "Tompkinsville",
        "New Brighton",
        "West Brighton",
        "Port Richmond",
        "Tottenville",
        "Great Kills",
        "New Dorp"
      ]
    },
    "Los Angeles": {
      "state": "CA",
      "neighborhoods": [
        "Downtown LA",
        "Arts District",
        "Little Tokyo",
        "Chinatown",
        "Echo Park",
        "Silver Lake",
        "Los Feliz",
        "Atwater Village",
        "Glassell Park",
        "Highland Park",
        "Eagle Rock",
        "Mount Washington",
        "Koreatown",
        "Mid-Wilshire",
        "Miracle Mile",
        "Hancock Park",
        "Larchmont",
        "Windsor Square",
        "Hollywood",
        "East Hollywood",
        "Thai Town",
        "Little Armenia",
        "West Hollywood",
        "Beverly Grove",
        "Fairfax",
        "Melrose",
        "La Brea",
        "Beverly Hills",
        "Century City",
        "Westwood",
        "Brentwood",
        "Pacific Palisades",
        "Santa Monica",
        "Venice",
        "Mar Vista",
        "Palms",
        "Culver City",
        "Playa Vista",
        "Playa del Rey",
        "Marina del Rey",
        "El Segundo",
        "Manhattan Beach",
        "Hermosa Beach",
        "Redondo Beach",
        "Torrance",
        "San Pedro",
        "Long Beach",
        "Belmont Shore",
        "Naples",
        "Signal Hill",
        "Pasadena",
        "South Pasadena",
        "Alhambra",
        "San Gabriel",
        "Monterey Park",
        "Arcadia",
        "Glendale",
        "Burbank",
        "North Hollywood",
        "Studio City",
        "Sherman Oaks",
        "Encino",
        "Tarzana",
        "Woodland Hills",
        "Calabasas",
        "Thousand Oaks",
        "Westlake Village",
        "Boyle Heights",
        "Lincoln Heights",
        "El Sereno",
        "South LA",
        "Leimert Park",
        "Crenshaw",
        "Baldwin Hills",
        "Inglewood",
        "Hawthorne",
        "Gardena",
        "Carson",
        "Compton",
        "Downey",
        "Whittier",
        "La Mirada",
        "Cerritos",
        "Lakewood",
        "Norwalk",
        "Fullerton",
        "Anaheim"
      ]
    },
    "Chicago": {
      "state": "IL",
      "neighborhoods": [
        "The Loop",
        "River North",
        "Streeterville",
        "Gold Coast",
        "Old Town",
        "Lincoln Park",
        "Lakeview",
        "Wrigleyville",
        "Boystown",
        "Roscoe Village",
        "North Center",
        "Lincoln Square",
        "Ravenswood",
        "Andersonville",
        "Edgewater",
        "Rogers Park",
        "Uptown",
        "Buena Park",
        "Wicker Park",
        "Bucktown",
        "Ukrainian Village",
        "West Town",
        "Humboldt Park",
        "Logan Square",
        "Avondale",
        "Irving Park",
        "Albany Park",
        "Portage Park",
        "Jefferson Park",
        "Edison Park",
        "Pilsen",
        "Little Village",
        "Bridgeport",
        "Chinatown",
        "Bronzeville",
        "Hyde Park",
        "Kenwood",
        "South Shore",
        "Woodlawn",
        "South Loop",
        "Printer's Row",
        "West Loop",
        "Fulton Market",
        "Greektown",
        "University Village",
        "Little Italy",
        "Oak Park",
        "Evanston",
        "Skokie",
        "Wilmette",
        "Winnetka",
        "Highland Park",
        "Lake Forest"
      ]
    },
    "Houston": {
      "state": "TX",
      "neighborhoods": [
        "Downtown Houston",
        "Midtown",
        "Montrose",
        "Museum District",
        "Rice Village",
        "West University",
        "River Oaks",
        "Upper Kirby",
        "Greenway Plaza",
        "Galleria",
        "Uptown",
        "Memorial",
        "Heights",
        "Garden Oaks",
        "Oak Forest",
        "Timbergrove",
        "Lazybrook",
        "White Oak",
        "EaDo",
        "East End",
        "Second Ward",
        "Third Ward",
        "Fourth Ward",
        "Freedmen's Town",
        "Med Center",
        "Hermann Park",
        "South Main",
        "Midtown Arts",
        "Washington Avenue",
        "Memorial Park",
        "Spring Branch",
        "Katy",
        "Sugar Land",
        "Pearland",
        "Clear Lake",
        "Kingwood",
        "The Woodlands",
        "Cypress",
        "Tomball",
        "Humble",
        "Pasadena",
        "Baytown"
      ]
    },
    "Phoenix": {
      "state": "AZ",
      "neighborhoods": [
        "Downtown Phoenix",
        "Roosevelt Row",
        "Grand Avenue",
        "Coronado",
        "Willo",
        "Encanto",
        "Arcadia",
        "Biltmore",
        "Camelback East",
        "Paradise Valley",
        "Scottsdale Old Town",
        "North Scottsdale",
        "Tempe",
        "Mill Avenue",
        "Mesa Downtown",
        "Gilbert",
        "Chandler",
        "Ahwatukee",
        "South Mountain",
        "Laveen",
        "Glendale",
        "Peoria",
        "Surprise",
        "Goodyear",
        "Buckeye",
        "Cave Creek",
        "Carefree",
        "Fountain Hills"
      ]
    },
    "Philadelphia": {
      "state": "PA",
      "neighborhoods": [
        "Center City",
        "Rittenhouse Square",
        "Washington Square",
        "Society Hill",
        "Old City",
        "Northern Liberties",
        "Fishtown",
        "Kensington",
        "Port Richmond",
        "Bridesburg",
        "Queen Village",
        "Bella Vista",
        "Passyunk Square",
        "East Passyunk",
        "Point Breeze",
        "Graduate Hospital",
        "Fitler Square",
        "Fairmount",
        "Spring Garden",
        "Art Museum",
        "Brewerytown",
        "Francisville",
        "Temple University",
        "North Philadelphia",
        "University City",
        "West Philadelphia",
        "Cedar Park",
        "Spruce Hill",
        "Squirrel Hill",
        "Manayunk",
        "Roxborough",
        "Chestnut Hill",
        "Mount Airy",
        "Germantown",
        "South Philadelphia",
        "Pennsport",
        "Whitman",
        "Packer Park",
        "Ardmore",
        "Bryn Mawr",
        "Wayne",
        "Media",
        "Swarthmore",
        "Conshohocken"
      ]
    },
    "San Antonio": {
      "state": "TX",
      "neighborhoods": [
        "Downtown San Antonio",
        "River Walk",
        "King William",
        "Southtown",
        "Blue Star Arts",
        "Pearl District",
        "Tobin Hill",
        "Monte Vista",
        "Olmos Park",
        "Alamo Heights",
        "Terrell Hills",
        "Lincoln Heights",
        "Mahncke Park",
        "Dignowity Hill",
        "Government Hill",
        "Beacon Hill",
        "Alta Vista",
        "Five Points",
        "Stone Oak",
        "The Rim",
        "La Cantera",
        "Helotes",
        "Leon Valley",
        "Medical Center",
        "UTSA",
        "Northwest",
        "Northeast"
      ]
    },
    "San Diego": {
      "state": "CA",
      "neighborhoods": [
        "Downtown San Diego",
        "Gaslamp Quarter",
        "East Village",
        "Little Italy",
        "Bankers Hill",
        "Hillcrest",
        "North Park",
        "South Park",
        "Golden Hill",
        "Normal Heights",
        "University Heights",
        "Kensington",
        "Talmadge",
        "City Heights",
        "Mission Hills",
        "Old Town",
        "Ocean Beach",
        "Point Loma",
        "Liberty Station",
        "Mission Bay",
        "Pacific Beach",
        "La Jolla",
        "Bird Rock",
        "Clairemont",
        "Kearny Mesa",
        "Serra Mesa",
        "Mission Valley",
        "Fashion Valley",
        "Del Mar",
        "Solana Beach",
        "Encinitas",
        "Carlsbad",
        "Oceanside",
        "Escondido",
        "Coronado",
        "Chula Vista",
        "National City",
        "Imperial Beach"
      ]
    },
    "Dallas": {
      "state": "TX",
      "neighborhoods": [
        "Downtown Dallas",
        "Deep Ellum",
        "Uptown",
        "Victory Park",
        "Design District",
        "Trinity Groves",
        "Bishop Arts",
        "Oak Cliff",
        "Lower Greenville",
        "Knox-Henderson",
        "Highland Park",
        "University Park",
        "Lakewood",
        "White Rock",
        "Lake Highlands",
        "Preston Hollow",
        "Bluffview",
        "Turtle Creek",
        "Oak Lawn",
        "Cedar Springs",
        "Medical District",
        "Fair Park",
        "East Dallas",
        "Pleasant Grove",
        "South Dallas",
        "West Dallas",
        "Irving",
        "Las Colinas",
        "Frisco",
        "Plano",
        "McKinney",
        "Allen",
        "Richardson",
        "Garland",
        "Mesquite",
        "Grand Prairie",
        "Arlington",
        "Carrollton",
        "Addison"
      ]
    },
    "San Jose": {
      "state": "CA",
      "neighborhoods": [
        "Downtown San Jose",
        "San Pedro Square",
        "SoFA District",
        "Japantown",
        "Hensley",
        "Willow Glen",
        "Rose Garden",
        "Naglee Park",
        "Shasta-Hanchett",
        "Burbank",
        "Alviso",
        "North San Jose",
        "Milpitas",
        "Berryessa",
        "Alum Rock",
        "East San Jose",
        "Evergreen",
        "Silver Creek",
        "Blossom Valley",
        "Almaden Valley",
        "Cambrian",
        "Campbell",
        "Los Gatos",
        "Saratoga",
        "Cupertino",
        "Sunnyvale",
        "Mountain View",
        "Palo Alto",
        "Menlo Park",
        "Redwood City",
        "San Mateo",
        "Burlingame",
        "San Carlos"
      ]
    },
    "Austin": {
      "state": "TX",
      "neighborhoods": [
        "Downtown Austin",
        "Sixth Street",
        "Rainey Street",
        "East Austin",
        "Holly",
        "Cesar Chavez",
        "South Congress",
        "South First",
        "South Lamar",
        "Zilker",
        "Barton Hills",
        "Travis Heights",
        "Bouldin Creek",
        "Clarksville",
        "Old West Austin",
        "Tarrytown",
        "Pemberton Heights",
        "Hyde Park",
        "North Loop",
        "Mueller",
        "Windsor Park",
        "Cherrywood",
        "French Place",
        "Crestview",
        "Brentwood",
        "Allandale",
        "Rosedale",
        "North Austin",
        "Domain",
        "Arboretum",
        "Great Hills",
        "Northwest Hills",
        "West Lake Hills",
        "Rollingwood",
        "Bee Cave",
        "Lakeway",
        "Pflugerville",
        "Round Rock",
        "Cedar Park",
        "Leander",
        "Georgetown",
        "San Marcos",
        "Kyle",
        "Buda",
        "Dripping Springs"
      ]
    },
    "Jacksonville": {
      "state": "FL",
      "neighborhoods": [
        "Downtown Jacksonville",
        "Brooklyn",
        "Riverside",
        "Avondale",
        "Murray Hill",
        "Ortega",
        "San Marco",
        "St. Nicholas",
        "Lakewood",
        "Mandarin",
        "Julington Creek",
        "Fruit Cove",
        "Springfield",
        "Eastside",
        "Arlington",
        "Beaches",
        "Atlantic Beach",
        "Neptune Beach",
        "Jacksonville Beach",
        "Ponte Vedra Beach",
        "Southside",
        "Baymeadows",
        "Tinseltown",
        "Town Center",
        "St. Johns Town Center",
        "Deerwood",
        "Nocatee"
      ]
    },
    "Fort Worth": {
      "state": "TX",
      "neighborhoods": [
        "Downtown Fort Worth",
        "Sundance Square",
        "West 7th",
        "Cultural District",
        "Near Southside",
        "Fairmount",
        "Ryan Place",
        "Berkeley Place",
        "Mistletoe Heights",
        "Tanglewood",
        "Arlington Heights",
        "Crestline",
        "Westcliff",
        "TCU",
        "Paschal",
        "Southside",
        "Near East Side",
        "Rosedale",
        "Diamond Hill",
        "Stockyards",
        "North Fort Worth",
        "Alliance",
        "Keller",
        "Southlake",
        "Colleyville",
        "Grapevine",
        "Bedford",
        "Hurst"
      ]
    },
    "Columbus": {
      "state": "OH",
      "neighborhoods": [
        "Downtown Columbus",
        "Short North",
        "Victorian Village",
        "Italian Village",
        "Harrison West",
        "Clintonville",
        "Old North Columbus",
        "University District",
        "Campus",
        "Weinland Park",
        "German Village",
        "Brewery District",
        "Merion Village",
        "Hungarian Village",
        "Schumacher Place",
        "Grandview Heights",
        "Upper Arlington",
        "Worthington",
        "Westerville",
        "Dublin",
        "Hilliard",
        "Grove City",
        "Gahanna",
        "Bexley",
        "Whitehall",
        "Reynoldsburg",
        "Franklinton",
        "Olde Towne East",
        "King-Lincoln",
        "Linden",
        "Northland"
      ]
    },
    "San Francisco": {
      "state": "CA",
      "neighborhoods": [
        "Downtown",
        "Financial District",
        "SoMa",
        "South Beach",
        "Mission Bay",
        "Dogpatch",
        "Potrero Hill",
        "Mission District",
        "Valencia Street",
        "Castro",
        "Noe Valley",
        "Glen Park",
        "Bernal Heights",
        "Excelsior",
        "Outer Mission",
        "Hayes Valley",
        "Civic Center",
        "Tenderloin",
        "North Beach",
        "Chinatown",
        "Russian Hill",
        "Nob Hill",
        "Telegraph Hill",
        "Fisherman's Wharf",
        "Marina",
        "Cow Hollow",
        "Pacific Heights",
        "Presidio Heights",
        "Laurel Heights",
        "Jordan Park",
        "Inner Richmond",
        "Outer Richmond",
        "Sea Cliff",
        "Inner Sunset",
        "Outer Sunset",
        "Parkside",
        "West Portal",
        "Forest Hill",
        "St. Francis Wood",
        "Cole Valley",
        "Haight-Ashbury",
        "Lower Haight",
        "Duboce Triangle",
        "Eureka Valley",
        "Diamond Heights",
        "Twin Peaks",
        "Miraloma Park",
        "Sunnyside",
        "Balboa Park",
        "Ingleside",
        "Oceanview",
        "Merced Heights",
        "Crocker Amazon",
        "Visitacion Valley",
        "Bayview",
        "Hunters Point",
        "Portola",
        "Silver Terrace"
      ]
    },
    "Seattle": {
      "state": "WA",
      "neighborhoods": [
        "Downtown Seattle",
        "Pike Place",
        "Belltown",
        "South Lake Union",
        "Denny Triangle",
        "Capitol Hill",
        "First Hill",
        "Central District",
        "Madrona",
        "Leschi",
        "Madison Valley",
        "Montlake",
        "University District",
        "Ravenna",
        "Roosevelt",
        "Green Lake",
        "Wallingford",
        "Fremont",
        "Ballard",
        "Crown Hill",
        "Greenwood",
        "Phinney Ridge",
        "Loyal Heights",
        "Queen Anne",
        "Magnolia",
        "Interbay",
        "Pioneer Square",
        "International District",
        "SoDo",
        "Georgetown",
        "Beacon Hill",
        "Columbia City",
        "Rainier Valley",
        "Rainier Beach",
        "Seward Park",
        "Mount Baker",
        "West Seattle",
        "Alki",
        "Admiral",
        "Junction",
        "Fauntleroy",
        "White Center",
        "Burien",
        "Tukwila",
        "Renton",
        "Kent",
        "Federal Way",
        "Kirkland",
        "Bellevue",
        "Redmond",
        "Bothell",
        "Woodinville",
        "Issaquah",
        "Mercer Island"
      ]
    },
    "Denver": {
      "state": "CO",
      "neighborhoods": [
        "Downtown Denver",
        "LoDo",
        "RiNo",
        "Five Points",
        "Curtis Park",
        "Whittier",
        "Cole",
        "Clayton",
        "City Park",
        "City Park West",
        "Cheesman Park",
        "Congress Park",
        "Capitol Hill",
        "Uptown",
        "North Capitol Hill",
        "Country Club",
        "Cherry Creek",
        "Glendale",
        "Washington Park",
        "Platt Park",
        "South Broadway",
        "Baker",
        "Lincoln Park",
        "La Alma",
        "Sun Valley",
        "West Colfax",
        "Villa Park",
        "Barnum",
        "Barnum West",
        "Highland",
        "LoHi",
        "Sunnyside",
        "Berkeley",
        "Regis",
        "Chaffee Park",
        "Sloan Lake",
        "West Highland",
        "Jefferson Park",
        "Tennyson Street",
        "Stapleton",
        "Central Park",
        "Park Hill",
        "Montbello",
        "Green Valley Ranch",
        "Lowry",
        "Hilltop",
        "Cory-Merrill",
        "University",
        "DU",
        "Observatory Park",
        "Englewood",
        "Littleton",
        "Lakewood",
        "Wheat Ridge",
        "Arvada",
        "Westminster",
        "Broomfield",
        "Thornton",
        "Northglenn",
        "Aurora",
        "Centennial",
        "Highlands Ranch",
        "Parker",
        "Castle Rock",
        "Golden",
        "Morrison",
        "Evergreen"
      ]
    },
    "Washington": {
      "state": "DC",
      "neighborhoods": [
        "Downtown DC",
        "Penn Quarter",
        "Chinatown",
        "Gallery Place",
        "Metro Center",
        "Dupont Circle",
        "Logan Circle",
        "Scott Circle",
        "Thomas Circle",
        "14th Street",
        "U Street",
        "Shaw",
        "Howard University",
        "LeDroit Park",
        "Bloomingdale",
        "Eckington",
        "NoMa",
        "Capitol Hill",
        "Eastern Market",
        "Barracks Row",
        "Hill East",
        "Navy Yard",
        "Capitol Riverfront",
        "Southwest Waterfront",
        "The Wharf",
        "Foggy Bottom",
        "Georgetown",
        "Glover Park",
        "Burleith",
        "Foxhall",
        "Palisades",
        "Spring Valley",
        "American University",
        "Tenleytown",
        "Cleveland Park",
        "Woodley Park",
        "Adams Morgan",
        "Kalorama",
        "Mount Pleasant",
        "Columbia Heights",
        "Petworth",
        "Park View",
        "Pleasant Plains",
        "Brightwood Park",
        "Brightwood",
        "Takoma",
        "Manor Park",
        "Brookland",
        "Michigan Park",
        "Woodridge",
        "Anacostia",
        "Congress Heights",
        "Deanwood",
        "Benning",
        "Trinidad",
        "Ivy City",
        "Alexandria",
        "Arlington",
        "Clarendon",
        "Ballston",
        "Rosslyn",
        "Crystal City",
        "Bethesda",
        "Chevy Chase",
        "Silver Spring",
        "Takoma Park",
        "College Park"
      ]
    },
    "Boston": {
      "state": "MA",
      "neighborhoods": [
        "Downtown Boston",
        "Financial District",
        "Downtown Crossing",
        "Beacon Hill",
        "West End",
        "North End",
        "Waterfront",
        "Seaport",
        "South Boston",
        "Fort Point",
        "Back Bay",
        "Bay Village",
        "South End",
        "Fenway",
        "Kenmore",
        "Mission Hill",
        "Roxbury",
        "Jamaica Plain",
        "Roslindale",
        "West Roxbury",
        "Hyde Park",
        "Mattapan",
        "Dorchester",
        "South Dorchester",
        "Savin Hill",
        "Fields Corner",
        "Ashmont",
        "Codman Square",
        "Charlestown",
        "East Boston",
        "Allston",
        "Brighton",
        "Brookline",
        "Coolidge Corner",
        "Washington Square",
        "Brookline Village",
        "Cambridge",
        "Harvard Square",
        "Central Square",
        "Kendall Square",
        "Porter Square",
        "Inman Square",
        "East Cambridge",
        "Cambridgeport",
        "Somerville",
        "Davis Square",
        "Union Square",
        "Ball Square",
        "Teele Square",
        "Medford",
        "Malden",
        "Everett",
        "Chelsea",
        "Newton",
        "Watertown",
        "Waltham",
        "Lexington",
        "Arlington",
        "Belmont",
        "Winchester",
        "Woburn",
        "Burlington"
      ]
    },
    "Nashville": {
      "state": "TN",
      "neighborhoods": [
        "Downtown Nashville",
        "Broadway",
        "The Gulch",
        "SoBro",
        "Rolling Mill Hill",
        "Germantown",
        "Salemtown",
        "Hope Gardens",
        "Historic Buena Vista",
        "Marathon Village",
        "East Nashville",
        "Five Points",
        "Lockeland Springs",
        "Eastwood",
        "Inglewood",
        "Madison",
        "Goodlettsville",
        "Hendersonville",
        "Gallatin",
        "White House",
        "Music Row",
        "Midtown",
        "Vanderbilt",
        "Hillsboro Village",
        "Belmont",
        "12 South",
        "Edgehill",
        "Wedgewood-Houston",
        "Berry Hill",
        "Melrose",
        "Woodbine",
        "South Nashville",
        "Brentwood",
        "Franklin",
        "Cool Springs",
        "Spring Hill",
        "Thompson's Station",
        "Green Hills",
        "Belle Meade",
        "West End",
        "Sylvan Park",
        "The Nations",
        "Charlotte Park",
        "West Nashville",
        "Bellevue",
        "White Bridge",
        "Donelson",
        "Hermitage",
        "Mt. Juliet"
      ]
    },
    "Portland": {
      "state": "OR",
      "neighborhoods": [
        "Downtown Portland",
        "Pearl District",
        "Old Town Chinatown",
        "West End",
        "Goose Hollow",
        "Northwest Portland",
        "Nob Hill",
        "Alphabet District",
        "Slabtown",
        "Forest Park",
        "Southwest Portland",
        "South Waterfront",
        "Johns Landing",
        "Multnomah Village",
        "Hillsdale",
        "Burlingame",
        "Sellwood",
        "Westmoreland",
        "Brooklyn",
        "Hosford-Abernethy",
        "Hawthorne",
        "Division",
        "Clinton",
        "Richmond",
        "Sunnyside",
        "Belmont",
        "Buckman",
        "Kerns",
        "Laurelhurst",
        "Irvington",
        "Alameda",
        "Beaumont",
        "Grant Park",
        "Hollywood",
        "Rose City Park",
        "Madison South",
        "Montavilla",
        "Cully",
        "Parkrose",
        "Gateway",
        "Northeast Portland",
        "Alberta",
        "Concordia",
        "Vernon",
        "Woodlawn",
        "Humboldt",
        "King",
        "Sabin",
        "Eliot",
        "Lloyd District",
        "Sullivan's Gulch",
        "Boise",
        "Mississippi",
        "Overlook",
        "Arbor Lodge",
        "Kenton",
        "St. Johns",
        "Cathedral Park",
        "University Park",
        "Portsmouth",
        "Piedmont",
        "North Portland",
        "Beaverton",
        "Lake Oswego",
        "Tigard",
        "Tualatin",
        "West Linn",
        "Oregon City",
        "Milwaukie",
        "Clackamas",
        "Happy Valley",
        "Gresham",
        "Troutdale",
        "Hillsboro"
      ]
    },
    "Las Vegas": {
      "state": "NV",
      "neighborhoods": [
        "Downtown Las Vegas",
        "Fremont Street",
        "Fremont East",
        "Arts District",
        "Charleston",
        "The Strip",
        "Paradise",
        "Winchester",
        "Spring Valley",
        "Enterprise",
        "Whitney",
        "Summerlin",
        "Summerlin South",
        "The Lakes",
        "Canyon Gate",
        "Red Rock",
        "Henderson",
        "Green Valley",
        "MacDonald Highlands",
        "Seven Hills",
        "Inspirada",
        "North Las Vegas",
        "Aliante",
        "Centennial Hills",
        "Skye Canyon",
        "Providence",
        "Southwest Las Vegas",
        "Rhodes Ranch",
        "Southern Highlands",
        "Mountains Edge"
      ]
    },
    "Detroit": {
      "state": "MI",
      "neighborhoods": [
        "Downtown Detroit",
        "Midtown",
        "New Center",
        "North End",
        "Corktown",
        "Mexicantown",
        "Southwest Detroit",
        "Hubbard Farms",
        "Woodbridge",
        "Brush Park",
        "Eastern Market",
        "Rivertown",
        "Belle Isle",
        "West Village",
        "Indian Village",
        "Jefferson-Chalmers",
        "Islandview",
        "McDougall-Hunt",
        "Gratiot Town",
        "Lafayette Park",
        "Elmwood Park",
        "Livernois",
        "Avenue of Fashion",
        "Palmer Park",
        "University District",
        "Grandmont",
        "Rosedale Park",
        "Bagley",
        "Fitzgerald",
        "Boston-Edison",
        "Virginia Park",
        "Arden Park",
        "Hamtramck",
        "Highland Park",
        "Ferndale",
        "Royal Oak",
        "Birmingham",
        "Bloomfield Hills",
        "Grosse Pointe",
        "Grosse Pointe Park",
        "Dearborn",
        "Allen Park",
        "Wyandotte"
      ]
    },
    "Memphis": {
      "state": "TN",
      "neighborhoods": [
        "Downtown Memphis",
        "South Main",
        "Beale Street",
        "Pinch District",
        "The Edge",
        "Uptown",
        "Midtown",
        "Cooper-Young",
        "Overton Square",
        "Overton Park",
        "Vollintine-Evergreen",
        "Crosstown",
        "Binghampton",
        "Broad Avenue",
        "Chickasaw Gardens",
        "Central Gardens",
        "East Memphis",
        "Germantown",
        "Collierville",
        "Bartlett",
        "Cordova",
        "Lakeland",
        "Harbor Town",
        "Mud Island",
        "South Memphis",
        "Orange Mound",
        "Whitehaven"
      ]
    },
    "Baltimore": {
      "state": "MD",
      "neighborhoods": [
        "Downtown Baltimore",
        "Inner Harbor",
        "Federal Hill",
        "Locust Point",
        "Canton",
        "Fells Point",
        "Harbor East",
        "Little Italy",
        "Jonestown",
        "Mount Vernon",
        "Charles Village",
        "Remington",
        "Hampden",
        "Woodberry",
        "Medfield",
        "Hoes Heights",
        "Roland Park",
        "Guilford",
        "Homeland",
        "Tuscany-Canterbury",
        "Charles North",
        "Station North",
        "Greenmount West",
        "Waverly",
        "Lauraville",
        "Hamilton",
        "Patterson Park",
        "Highlandtown",
        "Butchers Hill",
        "Southeast Baltimore",
        "Pigtown",
        "Hollins Market",
        "Union Square",
        "Bolton Hill",
        "Reservoir Hill",
        "Towson",
        "Pikesville",
        "Owings Mills",
        "Catonsville",
        "Ellicott City",
        "Columbia"
      ]
    },
    "Oklahoma City": {
      "state": "OK",
      "neighborhoods": [
        "Downtown OKC",
        "Bricktown",
        "Automobile Alley",
        "Midtown",
        "Deep Deuce",
        "Film Row",
        "Paseo Arts District",
        "Plaza District",
        "Uptown 23rd",
        "Classen Ten Penn",
        "Mesta Park",
        "Heritage Hills",
        "Gatewood",
        "Crown Heights",
        "Edgemere Park",
        "Nichols Hills",
        "The Village",
        "Lake Hefner",
        "Quail Springs",
        "Memorial Square",
        "Deer Creek",
        "Norman",
        "Moore",
        "Midwest City",
        "Del City",
        "Edmond",
        "Yukon",
        "Mustang"
      ]
    },
    "Louisville": {
      "state": "KY",
      "neighborhoods": [
        "Downtown Louisville",
        "NuLu",
        "Butchertown",
        "Phoenix Hill",
        "Smoketown",
        "Old Louisville",
        "Limerick",
        "Germantown",
        "Schnitzelburg",
        "Highlands",
        "Cherokee Triangle",
        "Crescent Hill",
        "Clifton",
        "St. Matthews",
        "Brownsboro",
        "Anchorage",
        "Middletown",
        "Norton Commons",
        "Prospect",
        "Goshen",
        "Portland",
        "Shawnee",
        "Parkland",
        "California",
        "Russell",
        "Algonquin",
        "Beechmont",
        "Iroquois",
        "South End",
        "Fairdale",
        "Valley Station",
        "Jeffersontown",
        "Fern Creek",
        "Okolona",
        "Newburg",
        "Audubon Park"
      ]
    },
    "Milwaukee": {
      "state": "WI",
      "neighborhoods": [
        "Downtown Milwaukee",
        "Third Ward",
        "Walker's Point",
        "Fifth Ward",
        "Harbor District",
        "East Side",
        "Lower East Side",
        "Upper East Side",
        "Murray Hill",
        "Downer Woods",
        "Shorewood",
        "Whitefish Bay",
        "Fox Point",
        "Glendale",
        "River Hills",
        "Riverwest",
        "Brewers Hill",
        "Harambee",
        "Halyard Park",
        "Brewer's Hill",
        "Bay View",
        "Tippecanoe",
        "Fernwood",
        "St. Francis",
        "Cudahy",
        "South Milwaukee",
        "Wauwatosa",
        "Washington Heights",
        "Story Hill",
        "West Allis",
        "Greenfield",
        "Bayview",
        "Lincoln Village",
        "Clarke Square",
        "Mitchell Street",
        "Historic Mitchell Street"
      ]
    },
    "Albuquerque": {
      "state": "NM",
      "neighborhoods": [
        "Downtown Albuquerque",
        "Old Town",
        "Barelas",
        "South Broadway",
        "EDo",
        "Huning Highland",
        "Nob Hill",
        "University",
        "Midtown",
        "Uptown",
        "Journal Center",
        "North Valley",
        "Los Ranchos",
        "Corrales",
        "Rio Rancho",
        "Paradise Hills",
        "Sandia Heights",
        "Tanoan",
        "Four Hills",
        "Manzano Mesa",
        "South Valley"
      ]
    },
    "Tucson": {
      "state": "AZ",
      "neighborhoods": [
        "Downtown Tucson",
        "Fourth Avenue",
        "Main Gate",
        "West University",
        "Armory Park",
        "Barrio Viejo",
        "El Presidio",
        "Menlo Park",
        "Iron Horse",
        "Dunbar Spring",
        "Sam Hughes",
        "El Encanto",
        "Broadmoor",
        "Catalina Foothills",
        "Skyline",
        "Oro Valley",
        "Marana",
        "Rita Ranch",
        "Vail",
        "Sahuarita",
        "Green Valley"
      ]
    },
    "Atlanta": {
      "state": "GA",
      "neighborhoods": [
        "Downtown Atlanta",
        "Centennial Park",
        "Fairlie-Poplar",
        "South Downtown",
        "Castleberry Hill",
        "Midtown",
        "Ansley Park",
        "Piedmont Park",
        "Virginia-Highland",
        "Poncey-Highland",
        "Inman Park",
        "Old Fourth Ward",
        "Cabbagetown",
        "Reynoldstown",
        "East Atlanta",
        "East Atlanta Village",
        "Kirkwood",
        "Edgewood",
        "Grant Park",
        "Ormewood Park",
        "Summerhill",
        "Peoplestown",
        "Pittsburgh",
        "Mechanicsville",
        "Adair Park",
        "West End",
        "Westview",
        "Mozley Park",
        "Vine City",
        "English Avenue",
        "Bankhead",
        "Grove Park",
        "Buckhead",
        "Chastain Park",
        "Garden Hills",
        "Peachtree Hills",
        "Brookhaven",
        "Chamblee",
        "Doraville",
        "Dunwoody",
        "Sandy Springs",
        "Roswell",
        "Alpharetta",
        "Johns Creek",
        "Marietta",
        "Smyrna",
        "Vinings",
        "Decatur",
        "Avondale Estates",
        "Clarkston",
        "Stone Mountain",
        "Tucker",
        "Lilburn",
        "Lawrenceville"
      ]
    },
    "Sacramento": {
      "state": "CA",
      "neighborhoods": [
        "Downtown Sacramento",
        "Midtown",
        "R Street",
        "Lavender Heights",
        "Boulevard Park",
        "New Era Park",
        "Mansion Flats",
        "Alkali Flat",
        "Richards",
        "Handle District",
        "Oak Park",
        "Tahoe Park",
        "East Sacramento",
        "McKinley Park",
        "Elmhurst",
        "Tahoe Park",
        "Curtis Park",
        "Land Park",
        "South Land Park",
        "Pocket",
        "Greenhaven",
        "Meadowview",
        "North Sacramento",
        "Del Paso Heights",
        "Hagginwood",
        "Robla",
        "South Natomas",
        "North Natomas",
        "Arden-Arcade",
        "Carmichael",
        "Fair Oaks",
        "Orangevale",
        "Citrus Heights",
        "Folsom",
        "El Dorado Hills",
        "Rancho Cordova",
        "Elk Grove",
        "Davis",
        "Woodland",
        "Roseville",
        "Rocklin",
        "Lincoln",
        "Auburn",
        "Grass Valley",
        "Nevada City"
      ]
    },
    "Kansas City": {
      "state": "MO",
      "neighborhoods": [
        "Downtown Kansas City",
        "Power & Light",
        "Crossroads",
        "Union Hill",
        "Crown Center",
        "Westport",
        "Country Club Plaza",
        "Brookside",
        "Waldo",
        "Prairie Village",
        "Leawood",
        "Overland Park",
        "Mission",
        "Roeland Park",
        "Fairway",
        "Westwood",
        "River Market",
        "Columbus Park",
        "Northeast",
        "Independence",
        "Blue Springs",
        "Lee's Summit",
        "Raytown",
        "Grandview",
        "Belton",
        "Olathe",
        "Shawnee",
        "Lenexa",
        "Gardner",
        "Spring Hill",
        "Bonner Springs",
        "Edwardsville",
        "Midtown",
        "Hyde Park",
        "Longfellow",
        "Valentine",
        "Volker",
        "Roanoke",
        "Westside",
        "West Bottoms",
        "Quality Hill",
        "Pendleton Heights",
        "18th & Vine"
      ]
    },
    "Fresno": {
      "state": "CA",
      "neighborhoods": [
        "Downtown Fresno",
        "Tower District",
        "Mural District",
        "Cultural Arts District",
        "Fresno High",
        "Roosevelt",
        "Huntington",
        "Sunnyside",
        "McLane",
        "Bullard",
        "Fig Garden",
        "Woodward Park",
        "Clovis",
        "Old Town Clovis",
        "Sierra Vista",
        "Hoover",
        "West Fresno",
        "Southwest Fresno",
        "Southeast Fresno"
      ]
    },
    "Long Beach": {
      "state": "CA",
      "neighborhoods": [
        "Downtown Long Beach",
        "East Village Arts District",
        "Pine Avenue",
        "The Pike",
        "Alamitos Beach",
        "Bluff Park",
        "Belmont Shore",
        "Naples",
        "Belmont Heights",
        "Bixby Knolls",
        "California Heights",
        "Los Cerritos",
        "Wrigley",
        "Rose Park",
        "Cambodia Town",
        "Zaferia",
        "Traffic Circle",
        "Lakewood Village",
        "Los Altos",
        "El Dorado Park",
        "Carson",
        "Signal Hill",
        "Seal Beach",
        "Sunset Beach"
      ]
    },
    "Miami": {
      "state": "FL",
      "neighborhoods": [
        "Downtown Miami",
        "Brickell",
        "Mary Brickell Village",
        "Brickell Key",
        "Edgewater",
        "Midtown",
        "Wynwood",
        "Design District",
        "Little Haiti",
        "Little River",
        "Upper East Side",
        "MiMo District",
        "Morningside",
        "Belle Meade",
        "Bayside",
        "Coconut Grove",
        "Coral Gables",
        "South Miami",
        "Pinecrest",
        "Kendall",
        "Dadeland",
        "The Falls",
        "Homestead",
        "Florida City",
        "Key Biscayne",
        "Miami Beach",
        "South Beach",
        "Mid-Beach",
        "North Beach",
        "Bal Harbour",
        "Surfside",
        "Bay Harbor Islands",
        "North Miami",
        "North Miami Beach",
        "Aventura",
        "Sunny Isles Beach",
        "Hollywood",
        "Hallandale Beach",
        "Doral",
        "Sweetwater",
        "Little Havana",
        "Flagami",
        "West Miami",
        "Westchester",
        "Tamiami"
      ]
    },
    "Minneapolis": {
      "state": "MN",
      "neighborhoods": [
        "Downtown Minneapolis",
        "North Loop",
        "Warehouse District",
        "Loring Park",
        "Elliot Park",
        "Downtown East",
        "Mill District",
        "Marcy-Holmes",
        "Como",
        "Dinkytown",
        "Stadium Village",
        "Cedar-Riverside",
        "Seward",
        "Longfellow",
        "Minnehaha",
        "Hiawatha",
        "Nokomis",
        "Uptown",
        "Lyn-Lake",
        "Lowry Hill",
        "Lowry Hill East",
        "Whittier",
        "Stevens Square",
        "Linden Hills",
        "Fulton",
        "Lynnhurst",
        "Tangletown",
        "CARAG",
        "East Harriet",
        "Northeast Minneapolis",
        "St. Anthony Main",
        "Beltrami",
        "Sheridan",
        "Logan Park",
        "Holland",
        "Audubon Park",
        "Waite Park",
        "Windom Park",
        "Marshall Terrace",
        "North Minneapolis",
        "Harrison",
        "Bryn Mawr",
        "Willard-Hay",
        "Jordan",
        "Hawthorne",
        "Edina",
        "St. Louis Park",
        "Golden Valley",
        "Hopkins",
        "Minnetonka",
        "Eden Prairie",
        "Bloomington",
        "Richfield",
        "St. Paul",
        "Highland Park",
        "Grand Avenue",
        "Cathedral Hill",
        "Summit Hill",
        "Crocus Hill",
        "Mac-Groveland",
        "Merriam Park",
        "Como Park",
        "Hamline-Midway"
      ]
    },
    "Raleigh": {
      "state": "NC",
      "neighborhoods": [
        "Downtown Raleigh",
        "Warehouse District",
        "Glenwood South",
        "Moore Square",
        "City Market",
        "Fayetteville Street",
        "Person Street",
        "Oakwood",
        "Mordecai",
        "Historic Oakwood",
        "Hayes Barton",
        "Five Points",
        "Cameron Park",
        "Boylan Heights",
        "Historic Boylan Heights",
        "ITB",
        "North Hills",
        "Midtown",
        "Cameron Village",
        "Wade Avenue",
        "Hillsborough Street",
        "NC State",
        "Western Boulevard",
        "Avent West",
        "Pullen Park",
        "Method",
        "Oberlin",
        "Cary",
        "Apex",
        "Holly Springs",
        "Fuquay-Varina",
        "Garner",
        "Clayton",
        "Knightdale",
        "Wake Forest",
        "Rolesville",
        "Durham",
        "Chapel Hill",
        "Carrboro",
        "Morrisville"
      ]
    },
    "New Orleans": {
      "state": "LA",
      "neighborhoods": [
        "French Quarter",
        "Marigny",
        "Bywater",
        "St. Claude",
        "St. Roch",
        "Treme",
        "CBD",
        "Warehouse District",
        "Arts District",
        "Lower Garden District",
        "Garden District",
        "Irish Channel",
        "Magazine Street",
        "Uptown",
        "Audubon",
        "Carrollton",
        "Riverbend",
        "Broadmoor",
        "Mid-City",
        "Bayou St. John",
        "Esplanade Ridge",
        "Gentilly",
        "Lakeview",
        "Bucktown",
        "West End",
        "Old Metairie",
        "Metairie",
        "Kenner",
        "River Ridge",
        "Harahan",
        "Jefferson",
        "Gretna",
        "Harvey",
        "Terrytown",
        "Algiers",
        "Algiers Point"
      ]
    },
    "Tampa": {
      "state": "FL",
      "neighborhoods": [
        "Downtown Tampa",
        "Channel District",
        "Ybor City",
        "Tampa Heights",
        "Seminole Heights",
        "Old Seminole Heights",
        "Riverside Heights",
        "Historic Ybor",
        "V.M. Ybor",
        "West Tampa",
        "Hyde Park",
        "SoHo",
        "Palma Ceia",
        "Beach Park",
        "Davis Islands",
        "Harbour Island",
        "Bayshore",
        "Interbay",
        "Ballast Point",
        "South Tampa",
        "Westshore",
        "Carrollwood",
        "Citrus Park",
        "Northdale",
        "Temple Terrace",
        "Brandon",
        "Riverview",
        "FishHawk",
        "St. Petersburg",
        "Downtown St. Pete",
        "Grand Central",
        "Edge District",
        "Old Northeast",
        "Kenwood",
        "Crescent Heights",
        "Crescent Lake",
        "Gulfport",
        "Clearwater",
        "Dunedin",
        "Safety Harbor",
        "Tarpon Springs",
        "Palm Harbor",
        "Oldsmar",
        "Town 'n' Country"
      ]
    },
    "Honolulu": {
      "state": "HI",
      "neighborhoods": [
        "Downtown Honolulu",
        "Chinatown",
        "Kakaako",
        "Ala Moana",
        "Waikiki",
        "Diamond Head",
        "Kahala",
        "Kaimuki",
        "Kapahulu",
        "Moiliili",
        "Makiki",
        "Manoa",
        "Palolo",
        "Nuuanu",
        "Pauoa",
        "Pacific Heights",
        "Tantalus",
        "Punchbowl",
        "Kalihi",
        "Liliha",
        "Iwilei",
        "Salt Lake",
        "Aiea",
        "Pearl City",
        "Waipahu",
        "Ewa Beach",
        "Kapolei",
        "Hawaii Kai",
        "Kailua",
        "Kaneohe",
        "North Shore",
        "Haleiwa",
        "Wahiawa",
        "Mililani"
      ]
    },
    "Cleveland": {
      "state": "OH",
      "neighborhoods": [
        "Downtown Cleveland",
        "Playhouse Square",
        "Gateway",
        "Warehouse District",
        "Flats East Bank",
        "Ohio City",
        "Tremont",
        "Detroit Shoreway",
        "Edgewater",
        "Cudell",
        "West Boulevard",
        "University Circle",
        "Little Italy",
        "Glenville",
        "Hough",
        "Fairfax",
        "Buckeye",
        "Lee-Harvard",
        "Union-Miles",
        "Slavic Village",
        "Broadway",
        "North Collinwood",
        "Collinwood",
        "Euclid",
        "East Cleveland",
        "Cleveland Heights",
        "University Heights",
        "Shaker Heights",
        "Beachwood",
        "Pepper Pike",
        "Lakewood",
        "Rocky River",
        "Westlake",
        "Bay Village",
        "Avon",
        "Strongsville",
        "Parma",
        "Parma Heights",
        "Brooklyn",
        "Brook Park"
      ]
    },
    "Oakland": {
      "state": "CA",
      "neighborhoods": [
        "Downtown Oakland",
        "Uptown",
        "Old Oakland",
        "Jack London Square",
        "Chinatown",
        "Lake Merritt",
        "Adams Point",
        "Grand Lake",
        "Lakeshore",
        "Trestle Glen",
        "Glenview",
        "Piedmont Avenue",
        "Rockridge",
        "Temescal",
        "Longfellow",
        "Bushrod",
        "Santa Fe",
        "Emeryville",
        "West Oakland",
        "Prescott",
        "Clawson",
        "Acorn",
        "McClymonds",
        "North Oakland",
        "Koreatown-Northgate",
        "Pill Hill",
        "Fruitvale",
        "Dimond",
        "Laurel",
        "Maxwell Park",
        "Seminary",
        "Eastmont",
        "Elmhurst",
        "East Oakland",
        "Montclair",
        "Redwood Heights",
        "Joaquin Miller",
        "Skyline",
        "Piedmont"
      ]
    },
    "Salt Lake City": {
      "state": "UT",
      "neighborhoods": [
        "Downtown Salt Lake City",
        "Gateway",
        "The Depot",
        "Granary District",
        "Central City",
        "Liberty Park",
        "9th and 9th",
        "15th and 15th",
        "Sugar House",
        "Highland Park",
        "East Central",
        "The Avenues",
        "Capitol Hill",
        "Federal Heights",
        "Marmalade",
        "Rose Park",
        "Glendale",
        "Poplar Grove",
        "Fairpark",
        "Jordan Meadows",
        "University of Utah",
        "Research Park",
        "Foothill",
        "Bonneville Hills",
        "East Bench",
        "Millcreek",
        "Holladay",
        "Cottonwood Heights",
        "Murray",
        "South Salt Lake",
        "West Valley City",
        "Taylorsville",
        "West Jordan",
        "Sandy",
        "Draper",
        "Riverton",
        "South Jordan",
        "Herriman",
        "Lehi",
        "American Fork",
        "Provo",
        "Orem",
        "Park City"
      ]
    },
    "Pittsburgh": {
      "state": "PA",
      "neighborhoods": [
        "Downtown Pittsburgh",
        "Cultural District",
        "Strip District",
        "Lawrenceville",
        "Upper Lawrenceville",
        "Bloomfield",
        "Friendship",
        "Garfield",
        "East Liberty",
        "Shadyside",
        "Squirrel Hill",
        "Point Breeze",
        "Regent Square",
        "Swissvale",
        "Oakland",
        "South Oakland",
        "North Oakland",
        "Central Oakland",
        "Schenley Farms",
        "South Side",
        "South Side Flats",
        "South Side Slopes",
        "Mt. Washington",
        "Duquesne Heights",
        "North Side",
        "North Shore",
        "Mexican War Streets",
        "Manchester",
        "Spring Hill",
        "Troy Hill",
        "Deutschtown",
        "East Allegheny",
        "Brighton Heights",
        "Observatory Hill",
        "Highland Park",
        "Morningside",
        "Stanton Heights",
        "Polish Hill",
        "Greenfield",
        "Hazelwood",
        "Homestead",
        "Braddock",
        "Wilkinsburg",
        "Edgewood",
        "Sewickley",
        "Aspinwall",
        "Fox Chapel",
        "Mt. Lebanon",
        "Bethel Park",
        "Cranberry Township"
      ]
    },
    "Cincinnati": {
      "state": "OH",
      "neighborhoods": [
        "Downtown Cincinnati",
        "Over-the-Rhine",
        "Pendleton",
        "Gateway Quarter",
        "Brewery District",
        "The Banks",
        "Central Business District",
        "West End",
        "Queensgate",
        "Lower Price Hill",
        "East Price Hill",
        "West Price Hill",
        "Sedamsville",
        "Riverside",
        "Sayler Park",
        "Mount Adams",
        "Columbia Tusculum",
        "Hyde Park",
        "Oakley",
        "Mount Lookout",
        "Madisonville",
        "Mariemont",
        "Fairfax",
        "Pleasant Ridge",
        "Kennedy Heights",
        "Clifton",
        "CUF",
        "University Heights",
        "Corryville",
        "Mount Auburn",
        "Walnut Hills",
        "East Walnut Hills",
        "Evanston",
        "Northside",
        "Camp Washington",
        "Spring Grove Village",
        "Winton Place",
        "Covington",
        "Newport",
        "Bellevue",
        "Fort Thomas",
        "Anderson Township",
        "Mason",
        "West Chester",
        "Liberty Township",
        "Blue Ash",
        "Montgomery",
        "Indian Hill"
      ]
    },
    "St. Louis": {
      "state": "MO",
      "neighborhoods": [
        "Downtown St. Louis",
        "Washington Avenue",
        "Laclede's Landing",
        "Soulard",
        "Benton Park",
        "Lafayette Square",
        "Compton Heights",
        "Tower Grove South",
        "Tower Grove East",
        "Shaw",
        "Southwest Garden",
        "The Hill",
        "Dogtown",
        "Clayton-Tamm",
        "Franz Park",
        "Central West End",
        "Forest Park Southeast",
        "Grove",
        "Botanical Heights",
        "McRee Town",
        "Delmar Loop",
        "University City",
        "Skinker DeBaliviere",
        "Parkview",
        "DeBaliviere Place",
        "Grand Center",
        "Midtown",
        "Jeff Vanderlou",
        "Covenant Blu",
        "Old North St. Louis",
        "Hyde Park",
        "Baden",
        "Carondelet",
        "Patch",
        "Holly Hills",
        "Princeton Heights",
        "Maplewood",
        "Richmond Heights",
        "Brentwood",
        "Webster Groves",
        "Kirkwood",
        "Clayton",
        "Ladue",
        "Town and Country",
        "Frontenac",
        "Creve Coeur",
        "Olivette",
        "Ferguson"
      ]
    },
    "Orlando": {
      "state": "FL",
      "neighborhoods": [
        "Downtown Orlando",
        "Thornton Park",
        "Lake Eola Heights",
        "North Quarter",
        "Parramore",
        "SoDo",
        "Milk District",
        "Baldwin Park",
        "Audubon Park",
        "Winter Park",
        "College Park",
        "Ivanhoe Village",
        "SODO",
        "Mills 50",
        "Colonialtown",
        "Lake Nona",
        "Celebration",
        "Kissimmee",
        "Winter Garden",
        "Windermere",
        "Dr. Phillips",
        "Sand Lake",
        "International Drive",
        "Universal",
        "Lake Buena Vista",
        "Hunters Creek",
        "Altamonte Springs",
        "Casselberry",
        "Longwood",
        "Lake Mary",
        "Sanford",
        "Oviedo",
        "Maitland",
        "Eatonville",
        "Apopka"
      ]
    }
  }
}